ds,y,
2007-12-10,14629,5145.571429
2007-12-11,5012,4031.571429
2007-12-12,3582,3939.857143
2007-12-13,3205,3884.714286
2007-12-14,2680,3804.285714
2007-12-15,2401,3757
2007-12-16,4510,3680
2007-12-17,6831,3661.714286
2007-12-18,4370,3477.571429
2007-12-19,3196,3220.714286
2007-12-20,2642,3132.142857
2007-12-21,2349,3203.285714
2007-12-22,1862,3263.428571
2007-12-23,4382,3359.714286
2007-12-24,5542,5072.142857
2007-12-25,2572,5983.285714
2007-12-26,2576,6187.142857
2007-12-27,3140,6476.857143
2007-12-28,2770,6581.714286
2007-12-29,2536,6659.857143
2007-12-30,16369,6702.714286
2007-12-31,11920,6290.571429
2008-01-01,3999,5580.857143
2008-01-02,4604,5664.571429
2008-01-03,3874,5552.714286
2008-01-04,3317,5563.714286
2008-01-05,2836,5660.571429
2008-01-06,13484,5775.142857
2008-01-07,6952,6984.571429
2008-01-08,4585,9564.428571
2008-01-09,3821,9992.857143
2008-01-10,3951,10197.14286
2008-01-11,3995,10369.14286
2008-01-12,3638,10433.57143
2008-01-13,21950,10446.14286
2008-01-14,25011,8295.857143
2008-01-15,7584,12440.71429
2008-01-16,5251,13163.57143
2008-01-17,5155,13485.57143
2008-01-18,4446,13482.42857
2008-01-19,3726,13546.28571
2008-01-20,6898,13660.42857
2008-01-21,54025,13430
2008-01-22,12644,6601.571429
2008-01-23,7505,5598.142857
2008-01-24,5133,5361.142857
2008-01-25,4893,5598.857143
2008-01-26,4525,5629.142857
2008-01-27,5285,7309.285714
2008-01-28,6226,32185
2008-01-29,5620,37235
2008-01-30,5846,38744
2008-02-01,6797,39496
2008-02-02,5105,39649.28571
2008-02-03,16286,39687.57143
2008-02-04,179415,38150.57143
2008-02-05,41576,13308.57143
2008-02-06,16183,7897.428571
2008-02-07,11110,6040
2008-02-08,7870,4929.857143
2008-02-09,5373,4154
2008-02-10,5527,3679.857143
2008-02-11,5521,3163.428571
2008-02-12,3698,2693.857143
2008-02-13,3181,2510.285714
2008-02-14,3339,2374
2008-02-15,2439,2234.857143
2008-02-16,2054,2200.428571
2008-02-17,1912,2135.714286
2008-02-18,2234,2252
2008-02-19,2413,2226
2008-02-20,2227,2159.285714
2008-02-21,2365,2117.571429
2008-02-22,2198,2051.857143
2008-02-23,1601,1957.285714
2008-02-24,2726,2211
2008-02-25,2052,2202.142857
2008-02-26,1946,2264.571429
2008-02-27,1935,2216.571429
2008-02-29,1905,2293.857143
2008-03-02,1536,2291.142857
2008-03-05,3377,2342.857143
2008-03-06,2664,2172.428571
2008-03-07,2489,2044.285714
2008-03-08,1610,1913
2008-03-09,2476,1844.857143
2008-03-10,1886,1667.428571
2008-03-11,1898,1620.285714
2008-03-12,2184,1566.285714
2008-03-13,1767,1479.714286
2008-03-14,1570,1434.142857
2008-03-15,1133,1411.285714
2008-03-16,1234,1406.428571
2008-03-17,1556,1414.714286
2008-03-18,1520,1527.142857
2008-03-19,1578,1573.142857
2008-03-20,1448,1584.714286
2008-03-21,1410,1621.714286
2008-03-22,1099,1617.142857
2008-03-23,1292,1615.428571
2008-03-24,2343,1624.428571
2008-03-25,1842,1503.571429
2008-03-26,1659,1462.571429
2008-03-27,1707,1487.571429
2008-03-28,1378,1475.857143
2008-03-29,1087,1487.571429
2008-03-30,1355,1538.142857
2008-03-31,1497,1530
2008-04-01,1555,1604.857143
2008-04-02,1834,1673.285714
2008-04-03,1625,1651.142857
2008-04-04,1460,1929.857143
2008-04-05,1441,1954.857143
2008-04-06,1298,1923.285714
2008-04-07,2021,1907.714286
2008-04-08,2034,1857.714286
2008-04-09,1679,1823.285714
2008-04-10,3576,1813.857143
2008-04-11,1635,1613.142857
2008-04-12,1220,1691.571429
2008-04-13,1189,1720.285714
2008-04-14,1671,2042.714286
2008-04-15,1793,2673.571429
2008-04-16,1613,2883.857143
2008-04-17,2171,3016.428571
2008-04-18,2184,3006
2008-04-19,1421,3128.857143
2008-04-20,3446,3285.142857
2008-04-21,6087,3117.142857
2008-04-22,3265,2609
2008-04-23,2541,2435.714286
2008-04-24,2098,2371.142857
2008-04-25,3044,2342.571429
2008-04-26,2515,2151.142857
2008-04-27,2270,1960.428571
2008-04-28,2530,1797
2008-04-29,2052,1667.428571
2008-04-30,2089,1584.285714
2008-05-01,1898,1510.714286
2008-05-02,1704,1501.142857
2008-05-03,1180,1506
2008-05-04,1126,1513.142857
2008-05-05,1623,1529.857143
2008-05-06,1470,1545.142857
2008-05-07,1574,1550.285714
2008-05-08,1831,1561.571429
2008-05-09,1738,1534.285714
2008-05-10,1230,1496.285714
2008-05-11,1243,1475.571429
2008-05-12,1730,1453.571429
2008-05-13,1506,1447.571429
2008-05-14,1653,1457.428571
2008-05-15,1640,1468.142857
2008-05-16,1472,1460.285714
2008-05-17,1085,1430.857143
2008-05-18,1089,1408.714286
2008-05-19,1688,1393.571429
2008-05-20,1575,1305.142857
2008-05-21,1728,1284.571429
2008-05-22,1585,1243
2008-05-23,1266,1220.857143
2008-05-24,930,1223.428571
2008-05-25,983,1227.571429
2008-05-26,1069,1269.857143
2008-05-27,1431,1311.714286
2008-05-28,1437,1299
2008-05-29,1430,1287.428571
2008-05-30,1284,1271.857143
2008-05-31,959,1219.285714
2008-06-03,1279,1221.571429
2008-06-04,1362,1227
2008-06-05,1342,1232.142857
2008-06-06,1356,1230.428571
2008-06-07,1321,1225
2008-06-08,916,1188.428571
2008-06-09,975,1201.857143
2008-06-10,1317,1258.285714
2008-06-11,1398,1294
2008-06-12,1330,1294
2008-06-13,1318,1299.857143
2008-06-14,1065,1296
2008-06-15,1010,1343.285714
2008-06-16,1370,1353.571429
2008-06-17,1567,1308.857143
2008-06-18,1398,1286.285714
2008-06-19,1371,1270.571429
2008-06-20,1291,1253.571429
2008-06-21,1396,1240.857143
2008-06-22,1082,1200
2008-06-23,1057,1181.285714
2008-06-24,1409,1162.142857
2008-06-25,1288,1139.285714
2008-06-26,1252,1162
2008-06-27,1202,1146
2008-06-28,1110,1114.714286
2008-06-29,951,1106.285714
2008-06-30,923,1181
2008-07-02,1249,1306.714286
2008-07-03,1447,1342
2008-07-04,1140,1327.571429
2008-07-05,983,1360.428571
2008-07-06,1051,1422.714286
2008-07-07,1474,1512.428571
2008-07-08,1803,1478
2008-07-09,1496,1421.571429
2008-07-10,1346,1769.571429
2008-07-11,1370,1864.571429
2008-07-12,1419,1967.142857
2008-08-01,1679,2195.571429
2008-08-02,1233,2352.857143
2008-08-03,1408,2437.285714
2008-08-04,3932,2500
2008-08-05,2011,2220.857143
2008-08-06,2088,2192
2008-08-07,3018,2120.571429
2008-08-08,2780,1919.714286
2008-08-09,1824,1734.571429
2008-08-10,1847,1680.285714
2008-08-11,1978,1648.285714
2008-08-12,1809,1628.428571
2008-08-13,1588,1758.857143
2008-08-14,1612,1854.857143
2008-08-15,1484,1930.857143
2008-08-16,1444,2012.714286
2008-08-17,1623,2047.428571
2008-08-18,1839,2095.285714
2008-08-19,2722,2237
2008-08-20,2260,2195.285714
2008-08-21,2144,2301.428571
2008-08-22,2057,2340.571429
2008-08-23,1687,2407
2008-08-24,1958,2428.142857
2008-08-25,2831,2441.857143
2008-08-26,2430,2405.857143
2008-08-27,3003,2469.857143
2008-08-28,2418,2371.142857
2008-08-29,2522,2487.428571
2008-08-30,1835,2679.428571
2008-08-31,2054,2755.571429
2008-09-01,2579,2970.714286
2008-09-02,2878,4136.571429
2008-09-03,2312,4322.857143
2008-09-04,3232,4352
2008-09-05,3866,4242
2008-09-06,2368,4044.285714
2008-09-07,3560,3978.857143
2008-09-08,10740,4212.142857
2008-09-09,4182,3202.142857
2008-09-10,2516,3067.714286
2008-09-11,2462,3053.857143
2008-09-12,2482,3008.571429
2008-09-13,1910,2951.142857
2008-09-14,5193,2949.857143
2008-09-15,3670,2754.428571
2008-09-16,3241,2807.285714
2008-09-17,2419,2827.714286
2008-09-18,2145,2799.571429
2008-09-19,2080,2797.428571
2008-09-20,1901,2765.571429
2008-09-21,3825,2889.428571
2008-09-22,4040,2736.714286
2008-09-23,3384,2600.142857
2008-09-24,2222,2440.428571
2008-09-25,2130,2436.714286
2008-09-26,1857,2378
2008-09-27,2768,2344.428571
2008-09-28,2756,2170.428571
2008-09-29,3084,2248
2008-09-30,2266,2305.428571
2008-10-01,2196,2395.428571
2008-10-02,1719,2456.714286
2008-10-03,1622,2506.857143
2008-10-04,1550,2557.142857
2008-10-05,3299,2556.285714
2008-10-06,3486,2593.571429
2008-10-07,2896,2694.428571
2008-10-08,2625,2966.571429
2008-10-09,2070,2966.857143
2008-10-10,1974,2992.142857
2008-10-11,1544,2966
2008-10-12,3560,2973.571429
2008-10-13,4192,2924.285714
2008-10-14,4801,2827.857143
2008-10-15,2627,2423.285714
2008-10-16,2247,2335.571429
2008-10-17,1791,2219.285714
2008-10-18,1597,2406.714286
2008-10-19,3215,2653.571429
2008-10-20,3517,3148.571429
2008-10-23,1969,2976.857143
2008-10-24,2013,2949
2008-10-25,1433,2883
2008-10-26,3103,2878.857143
2008-10-27,3325,2835.857143
2008-10-28,6680,3560.428571
2008-10-29,2315,3049.857143
2008-10-30,1774,2954.285714
2008-10-31,1551,3115.714286
2008-11-01,1404,3231.857143
2008-11-02,2802,3282.285714
2008-11-03,8397,3320.857143
2008-11-04,3106,3004.428571
2008-11-05,1646,2960.571429
2008-11-06,2904,3030.142857
2008-11-07,2364,2895.142857
2008-11-08,1757,2876.285714
2008-11-09,3072,2828.714286
2008-11-10,6182,2836
2008-11-11,2799,2420.428571
2008-11-12,2133,2358
2008-11-13,1959,2310.714286
2008-11-14,2232,2303
2008-11-15,1424,2241.714286
2008-11-16,3123,2252.428571
2008-11-17,3273,2206.857143
2008-11-18,2362,2966.857143
2008-11-19,1802,3146.571429
2008-11-20,1905,3152.428571
2008-11-21,1803,3152.142857
2008-11-22,1499,3214.428571
2008-11-23,2804,3287.428571
2008-11-24,8593,3588.285714
2008-11-25,3620,2930.857143
2008-11-26,1843,2797
2008-11-27,1903,2879
2008-11-28,2239,2908.857143
2008-11-29,2010,2877.428571
2008-11-30,4910,2856.714286
2008-12-01,3991,2692
2008-12-02,2683,2550.571429
2008-12-03,2417,2537
2008-12-04,2112,2506.285714
2008-12-05,2019,2488.857143
2008-12-06,1865,2527.428571
2008-12-07,3757,2483.571429
2008-12-08,3001,2386.285714
2008-12-09,2588,2589.285714
2008-12-10,2202,2576.571429
2008-12-11,1990,2726.428571
2008-12-12,2289,2781
2008-12-13,1558,3302.142857
2008-12-14,3076,3410.285714
2008-12-15,4422,3380.285714
2008-12-16,2499,3543.857143
2008-12-17,3251,3611.285714
2008-12-18,2372,3438.285714
2008-12-19,5937,3340.714286
2008-12-20,2315,2741.428571
2008-12-21,2866,2656.142857
2008-12-22,5567,2794.285714
2008-12-23,2971,2741
2008-12-24,2040,2900.571429
2008-12-25,1689,3189.714286
2008-12-26,1742,3283
2008-12-27,1718,3989.714286
2008-12-28,3833,5052
2008-12-29,5194,8174.285714
2008-12-30,4088,8945.428571
2008-12-31,4064,9018.857143
2009-01-01,2342,8927
2009-01-02,6689,9037.857143
2009-01-03,9154,8617.714286
2009-01-04,25689,7800.428571
2009-01-05,10592,5566.714286
2009-01-06,4602,4939.714286
2009-01-07,3421,4991.571429
2009-01-08,3118,4975.428571
2009-01-09,3748,4935.142857
2009-01-10,3433,4767
2009-01-11,10053,4578.571429
2009-01-12,6203,3587.571429
2009-01-13,4965,3650.142857
2009-01-14,3308,3300
2009-01-15,2836,3168.285714
2009-01-16,2571,3162.285714
2009-01-17,2114,3101.857143
2009-01-18,3116,3030.857143
2009-01-19,6641,2847
2009-01-20,2514,2202.428571
2009-01-21,2386,2188.285714
2009-01-22,2794,2198.857143
2009-01-23,2148,2157.142857
2009-01-24,1617,2238.142857
2009-01-25,1829,2323.285714
2009-01-26,2129,2748.571429
2009-01-27,2415,3788.714286
2009-01-28,2460,3896.857143
2009-01-29,2502,4000.571429
2009-01-30,2715,4095.142857
2009-01-31,2213,4154.714286
2009-02-01,4806,4174.285714
2009-02-02,9410,3957.285714
2009-02-03,3172,3046.714286
2009-02-04,3186,2883.857143
2009-02-05,3164,2792.571429
2009-02-06,3132,2678.428571
2009-02-07,2350,2497.285714
2009-02-08,3287,2380
2009-02-09,3036,2106.428571
2009-02-10,2032,1910.285714
2009-02-11,2547,1860.142857
2009-02-12,2365,1729.428571
2009-02-13,1864,1648.714286
2009-02-14,1529,1616
2009-02-15,1372,1555.571429
2009-02-16,1663,1535.857143
2009-02-17,1681,1552.428571
2009-02-18,1632,1589.714286
2009-02-19,1800,1656.142857
2009-02-20,1635,1650.714286
2009-02-21,1106,1668.428571
2009-02-22,1234,1704
2009-02-23,1779,1748.571429
2009-02-24,1942,1748.142857
2009-02-25,2097,1707
2009-02-26,1762,1641.857143
2009-02-27,1759,1636.571429
2009-02-28,1355,1624.571429
2009-03-01,1546,1601.571429
2009-03-02,1776,1574.142857
2009-03-03,1654,1544.142857
2009-03-04,1641,1520.285714
2009-03-05,1725,1535.428571
2009-03-06,1675,1662.571429
2009-03-07,1194,1624.142857
2009-03-08,1354,1623
2009-03-09,1566,1625
2009-03-10,1487,1620.142857
2009-03-11,1747,1617.571429
2009-03-12,2615,1579.285714
2009-03-13,1406,1413.714286
2009-03-14,1186,1424.714286
2009-03-15,1368,1422
2009-03-16,1532,1414.428571
2009-03-17,1469,1455.285714
2009-03-18,1479,1621.142857
2009-03-19,1456,1689.285714
2009-03-20,1483,1707.428571
2009-03-21,1167,1698.142857
2009-03-22,1315,1697.142857
2009-03-23,1818,1768.285714
2009-03-24,2630,1752.571429
2009-03-25,1956,1630.428571
2009-03-26,1583,1604.714286
2009-03-27,1418,1641.857143
2009-03-28,1160,1742.285714
2009-03-29,1813,1776.571429
2009-03-30,1708,1715.285714
2009-03-31,1775,1691.857143
2009-04-01,1776,1677
2009-04-02,1843,1679.571429
2009-04-03,2121,1631
2009-04-04,1400,1508.428571
2009-04-05,1384,1466.571429
2009-04-06,1544,1439.857143
2009-04-07,1671,1431.714286
2009-04-08,1794,1420.857143
2009-04-09,1503,1426.142857
2009-04-10,1263,1474.285714
2009-04-11,1107,1521.571429
2009-04-12,1197,1543.857143
2009-04-13,1487,1557
2009-04-14,1595,1599
2009-04-15,1831,1632.714286
2009-04-16,1840,1615.571429
2009-04-17,1594,1604.428571
2009-04-18,1263,1683.428571
2009-04-19,1289,1866.714286
2009-04-20,1781,2077.285714
2009-04-21,1831,2181.571429
2009-04-22,1711,2201.714286
2009-04-23,1762,2251.428571
2009-04-24,2147,2318.285714
2009-04-25,2546,2276.857143
2009-04-26,2763,2103.285714
2009-04-27,2511,1911.285714
2009-04-28,1972,1799.285714
2009-04-29,2059,1771.142857
2009-04-30,2230,1751
2009-05-01,1857,1676.857143
2009-05-02,1331,1631.142857
2009-05-03,1419,1620.428571
2009-05-04,1727,1588.285714
2009-05-05,1775,1547.285714
2009-05-06,1918,1554.857143
2009-05-07,1711,1538.857143
2009-05-08,1537,1538.714286
2009-05-09,1256,1553.571429
2009-05-10,1194,1518.285714
2009-05-11,1440,1500.857143
2009-05-12,1828,1549
2009-05-13,1806,1524.857143
2009-05-14,1710,1494.142857
2009-05-15,1641,1468.571429
2009-05-16,1009,1466.714286
2009-05-17,1072,1485
2009-05-18,1777,1470
2009-05-19,1659,1370.428571
2009-05-20,1591,1380.571429
2009-05-21,1531,1410.285714
2009-05-22,1628,1409.714286
2009-05-23,1137,1351.142857
2009-05-24,967,1344.428571
2009-05-25,1080,1352.428571
2009-05-26,1730,1393
2009-05-27,1799,1398
2009-05-28,1527,1366.571429
2009-05-29,1218,1347.571429
2009-05-30,1090,1387
2009-05-31,1023,1411.285714
2009-06-01,1364,1417.571429
2009-06-02,1765,1411.857143
2009-06-03,1579,1378.714286
2009-06-04,1394,1372
2009-06-05,1494,1414.285714
2009-06-06,1260,1432.571429
2009-06-07,1067,1403.285714
2009-06-08,1324,1411
2009-06-09,1533,1415.857143
2009-06-10,1532,1457.714286
2009-06-11,1690,1456.428571
2009-06-12,1622,1472.428571
2009-06-13,1055,1432.142857
2009-06-14,1121,1451.857143
2009-06-15,1358,1473.571429
2009-06-16,1826,1482
2009-06-17,1523,1412.142857
2009-06-18,1802,1403.714286
2009-06-19,1340,1324.428571
2009-06-20,1193,1303.142857
2009-06-21,1273,1263.857143
2009-06-22,1417,1230.714286
2009-06-23,1337,1203.571429
2009-06-24,1464,1203.857143
2009-06-25,1247,1209.857143
2009-06-26,1191,1204.571429
2009-06-27,918,1198.285714
2009-06-28,1041,1279.571429
2009-06-29,1227,1477.285714
2009-06-30,1339,1652.571429
2009-07-01,1506,1715.285714
2009-07-02,1210,1724
2009-07-03,1147,1811.285714
2009-07-04,1487,1875.428571
2009-07-05,2425,1853.714286
2009-07-06,2454,1703.142857
2009-07-07,1778,1575.428571
2009-07-08,1567,1536.571429
2009-07-09,1821,1557
2009-07-10,1596,1520.428571
2009-07-11,1335,1509.142857
2009-07-12,1371,1512.571429
2009-07-13,1560,1524.857143
2009-07-14,1506,1570.857143
2009-07-15,1710,1607.571429
2009-07-16,1565,1722.285714
2009-07-17,1517,1808.285714
2009-07-18,1359,1916.571429
2009-07-19,1457,1934.571429
2009-07-20,1882,1934.142857
2009-07-21,1763,1919.857143
2009-07-22,2513,1958.857143
2009-07-23,2167,1913.428571
2009-07-24,2275,1872.571429
2009-07-25,1485,1790.428571
2009-07-26,1454,1784.285714
2009-07-27,1782,1800.142857
2009-07-28,2036,1848.142857
2009-07-29,2195,1921.428571
2009-07-30,1881,2223.428571
2009-07-31,1700,2460.571429
2009-08-01,1442,2570.428571
2009-08-02,1565,2642.857143
2009-08-03,2118,2722
2009-08-04,2549,2792
2009-08-05,4309,2770
2009-08-06,3541,2487.714286
2009-08-07,2469,2300.142857
2009-08-08,1949,2471.285714
2009-08-09,2119,2512
2009-08-10,2608,2535.857143
2009-08-11,2395,2575.571429
2009-08-12,2333,2871.142857
2009-08-13,2228,3108.571429
2009-08-14,3667,3210
2009-08-15,2234,3519.857143
2009-08-16,2286,3543.285714
2009-08-17,2886,3560.857143
2009-08-18,4464,3552.285714
2009-08-19,3995,3421.142857
2009-08-20,2938,3202.428571
2009-08-21,5836,3132.428571
2009-08-22,2398,2747
2009-08-23,2409,2819
2009-08-24,2826,2848.428571
2009-08-25,3546,2945.714286
2009-08-26,2464,2882.428571
2009-08-27,2448,2941
2009-08-28,3138,2953.571429
2009-08-29,2902,2895.714286
2009-08-30,2615,2887.571429
2009-08-31,3507,2973.571429
2009-09-01,3103,2891
2009-09-02,2874,2932
2009-09-03,2536,2928.428571
2009-09-04,2733,3041.571429
2009-09-05,2845,3178.428571
2009-09-06,3217,3218.285714
2009-09-07,2929,3831.857143
2009-09-08,3390,4202.857143
2009-09-09,2849,4434.571429
2009-09-10,3328,4459.571429
2009-09-11,3691,4435.285714
2009-09-12,3124,4380.714286
2009-09-13,7512,4357.714286
2009-09-14,5526,3940.428571
2009-09-15,5012,5572.857143
2009-09-16,3024,8624
2009-09-17,3158,8803.571429
2009-09-18,3309,11342.14286
2009-09-19,2963,11779.14286
2009-09-20,4591,11903.57143
2009-09-21,16953,11708.42857
2009-09-22,26370,9793.142857
2009-09-24,4281,6407.142857
2009-09-28,20928,7074.714286
2009-09-29,6368,5823.285714
2009-09-30,3834,6278
2009-10-01,3225,6423.571429
2009-10-02,3546,6618.428571
2009-10-03,2668,6674
2009-10-04,8954,6874.714286
2009-10-05,12168,6534
2009-10-06,9551,8959.285714
2009-10-07,4853,8843.571429
2009-10-08,4589,9007.142857
2009-10-09,3935,9613.857143
2009-10-10,4073,10059.57143
2009-10-11,6569,10211.71429
2009-10-12,29145,9939.571429
2009-10-13,8741,6324.285714
2009-10-17,5998,5550.857143
2009-10-18,8836,5182.285714
2009-10-19,7055,4800.857143
2009-10-20,5138,5490.285714
2009-10-21,4664,5515.571429
2009-10-22,3838,5390
2009-10-23,3327,5323
2009-10-24,3418,5297.714286
2009-10-25,6166,5169.571429
2009-10-26,11881,5333.571429
2009-10-27,5315,4516.142857
2009-10-28,3785,4505.428571
2009-10-29,3369,4494.857143
2009-10-30,3150,4507.142857
2009-10-31,2521,4483.571429
2009-11-01,7314,4468.428571
2009-11-02,6159,4382.714286
2009-11-03,5240,4663
2009-11-04,3711,4685
2009-11-05,3455,4719.428571
2009-11-06,2985,4903.857143
2009-11-07,2415,5175.857143
2009-11-08,6714,5469.428571
2009-11-09,8121,10011.85714
2009-11-10,5394,10162.85714
2009-11-11,3952,10277.57143
2009-11-12,4746,10435.71429
2009-11-13,4889,10463.42857
2009-11-14,4470,10326.42857
2009-11-16,38511,10998.14286
2009-11-17,9178,6261.714286
2009-11-18,6197,5534.428571
2009-11-19,5059,5474
2009-11-20,4940,5826
2009-11-21,3930,5782.428571
2009-11-23,9172,6674.714286
2009-11-24,5356,6872.857143
2009-11-25,4087,7631.571429
2009-11-26,5774,7678.571429
2009-11-27,7523,7618.285714
2009-11-28,4635,7194.142857
2009-11-29,10176,7129
2009-11-30,10559,6904.142857
2009-12-01,10667,6955.571429
2009-12-02,4416,6344
2009-12-03,5352,6420.571429
2009-12-04,4554,6290.857143
2009-12-05,4179,6359.142857
2009-12-06,8602,6384.571429
2009-12-07,10919,6423.714286
2009-12-08,6386,7344
2009-12-09,4952,7510.571429
2009-12-10,4444,7527.142857
2009-12-11,5032,7658.285714
2009-12-12,4357,9510.142857
2009-12-13,8876,9715.571429
2009-12-14,17361,9822.857143
2009-12-15,7552,8758.571429
2009-12-16,5068,9290.714286
2009-12-17,5362,9411.142857
2009-12-18,17995,9349
2009-12-19,5795,7346.714286
2009-12-20,9627,7092.571429
2009-12-21,9911,7079.714286
2009-12-22,11277,7666.142857
2009-12-23,5911,7232.857143
2009-12-24,4927,7322
2009-12-25,3979,7245
2009-12-26,4016,7271.571429
2009-12-27,9537,7425.714286
2009-12-28,14016,6928.285714
2009-12-29,8244,5809.714286
2009-12-30,6535,5252
2009-12-31,4388,4904.285714
2010-01-01,4165,4955
2010-01-02,5095,5133.857143
2010-01-03,6055,5477.571429
2010-01-04,6186,6505.285714
2010-01-05,4340,7049.857143
2010-01-06,4101,7268.714286
2010-01-07,4743,7460.571429
2010-01-08,5417,7570.285714
2010-01-09,7501,7619.428571
2010-01-10,13249,7476.285714
2010-01-11,9998,14205.14286
2010-01-12,5872,15235.42857
2010-01-13,5444,15846.42857
2010-01-14,5511,16247
2010-01-15,5761,16546.57143
2010-01-16,6499,16892
2010-01-17,60351,29842.85714
2010-01-18,17210,25319.57143
2010-01-19,10149,25179.14286
2010-01-20,8248,25527.42857
2010-01-21,7608,25998
2010-01-22,8179,26365.85714
2010-01-25,97155,26766.14286
2010-01-26,28688,16887.71429
2010-01-27,16227,15682.42857
2010-01-28,12587,16882.14286
2010-01-29,11542,17815.71429
2010-01-30,10183,19711.14286
2010-01-31,10981,21404.85714
2010-02-01,28006,30194.42857
2010-02-02,20251,31194.71429
2010-02-03,24625,30528.14286
2010-02-04,19122,28315.14286
2010-02-05,24810,26527.14286
2010-02-06,22039,23649.71429
2010-02-07,72508,21057.28571
2010-02-09,35008,11228.85714
2010-02-10,15585,6770.428571
2010-02-11,9134,4973.285714
2010-02-12,6606,4114
2010-02-13,4668,3566.857143
2010-02-14,3892,3230
2010-02-15,3709,3046.571429
2010-02-16,3799,2918.428571
2010-02-17,3005,2956.571429
2010-02-18,3119,2885.857143
2010-02-19,2776,2815.571429
2010-02-20,2310,2753
2010-02-21,2608,2746.857143
2010-02-22,2812,2714.428571
2010-02-24,4066,2659.714286
2010-02-25,2510,2410.428571
2010-02-26,2627,2507.714286
2010-02-27,2338,3012.428571
2010-02-28,2267,2979.857143
2010-03-01,2381,2942.428571
2010-03-02,2429,2935
2010-03-03,2321,2926.428571
2010-03-04,3191,2889.428571
2010-03-05,6160,2703.428571
2010-03-06,2110,2110.142857
2010-03-07,2005,2089.714286
2010-03-08,2329,2064.428571
2010-03-09,2369,2039.285714
2010-03-10,2062,2020.428571
2010-03-11,1889,2041.857143
2010-03-12,2007,2068.571429
2010-03-13,1967,2056.857143
2010-03-14,1828,2010.428571
2010-03-15,2153,1999
2010-03-16,2237,1980.428571
2010-03-17,2212,2010.142857
2010-03-18,2076,2132.428571
2010-03-19,1925,2161
2010-03-20,1642,2183
2010-03-21,1748,2223.571429
2010-03-22,2023,2228.714286
2010-03-23,2445,2200
2010-03-24,3068,2152
2010-03-25,2276,2002.857143
2010-03-26,2079,1924.428571
2010-03-27,1926,1853.571429
2010-03-28,1784,1824.857143
2010-03-29,1822,1822.857143
2010-03-30,2109,1982.142857
2010-03-31,2024,2037.142857
2010-04-01,1727,2051.285714
2010-04-02,1583,2078.714286
2010-04-03,1725,2131.428571
2010-04-04,1770,2130.714286
2010-04-05,2937,2135.857143
2010-04-06,2494,1978.714286
2010-04-07,2123,1910.285714
2010-04-08,1919,1888.571429
2010-04-09,1952,1923.857143
2010-04-10,1720,1988.428571
2010-04-11,1806,2014.857143
2010-04-12,1837,2042
2010-04-13,2015,2079.142857
2010-04-14,1971,2097.428571
2010-04-15,2166,2184.428571
2010-04-16,2404,2344
2010-04-17,1905,3070.285714
2010-04-18,1996,3432.571429
2010-04-19,2097,3568.285714
2010-04-20,2143,3695.714286
2010-04-21,2580,3847.714286
2010-04-22,3283,3897.857143
2010-04-23,7488,3794
2010-04-24,4441,3068.285714
2010-04-25,2946,2678.285714
2010-04-26,2989,2526.857143
2010-04-27,3207,2397.714286
2010-04-28,2931,2240
2010-04-29,2556,2082.571429
2010-04-30,2408,2025.714286
2010-05-01,1711,2103.857143
2010-05-02,1886,2103.142857
2010-05-03,2085,2063.714286
2010-05-04,2103,2053
2010-05-05,1829,2034.285714
2010-05-06,2158,2064.571429
2010-05-07,2955,1966.857143
2010-05-08,1706,1800.142857
2010-05-09,1610,1762.285714
2010-05-10,2010,1753.857143
2010-05-11,1972,1718.285714
2010-05-12,2041,1660.142857
2010-05-13,1474,1565.428571
2010-05-14,1788,1587.857143
2010-05-15,1441,1584.428571
2010-05-16,1551,1614.571429
2010-05-17,1761,1614.428571
2010-05-18,1565,1598.428571
2010-05-19,1378,1604.857143
2010-05-20,1631,1637.285714
2010-05-21,1764,1596.857143
2010-05-22,1652,1516.857143
2010-05-23,1550,1455.714286
2010-05-24,1649,1399.857143
2010-05-25,1610,1340.285714
2010-05-26,1605,1300.142857
2010-05-27,1348,1271.857143
2010-05-28,1204,1317.571429
2010-05-29,1224,1420.428571
2010-05-30,1159,1487.142857
2010-05-31,1232,1530
2010-06-01,1329,1753.285714
2010-06-02,1407,2743.857143
2010-06-03,1668,2739.142857
2010-06-04,1924,2661.857143
2010-06-05,1691,2515.142857
2010-06-06,1459,2306.714286
2010-06-07,2795,2127.571429
2010-06-08,8263,1755.857143
2010-06-09,1374,653.7142857
2010-06-10,1127,568.1428571
2010-06-11,897,602.2857143
2010-06-12,232,705.1428571
2010-06-13,205,852
2010-06-14,193,986.2857143
2010-06-15,548,1151.285714
2010-06-16,775,1234.428571
2010-06-17,1366,1281.571429
2010-06-18,1617,1230.857143
2010-06-19,1260,1139.428571
2010-06-20,1145,1025.571429
2010-06-21,1348,1054.571429
2010-06-22,1130,1041.714286
2010-06-23,1105,1045.714286
2010-06-24,1011,1063.142857
2010-06-25,977,1064.285714
2010-06-27,463,1054.857143
2010-06-29,1348,1212.142857
2010-06-30,1258,1198.285714
2010-07-01,1158,1187.857143
2010-07-02,1227,1222
2010-07-03,1019,1247.285714
2010-07-04,911,1400.714286
2010-07-06,1564,1517.857143
2010-07-11,1251,1508
2010-07-12,1185,1528
2010-07-13,1397,1565
2010-07-14,1404,1615.857143
2010-07-15,2093,1661.142857
2010-07-16,1731,1845.857143
2010-07-17,1495,1938.571429
2010-07-18,1391,1988.857143
2010-07-19,1444,2061.571429
2010-07-20,1753,2260.285714
2010-07-21,1721,2357.714286
2010-07-22,3386,2460.428571
2010-07-23,2380,2362.142857
2010-07-24,1847,2391.714286
2010-07-25,1900,2529.571429
2010-07-26,2835,2564.714286
2010-07-27,2435,2647.285714
2010-07-28,2440,3146.571429
2010-07-29,2698,3468
2010-07-30,2587,3536.857143
2010-07-31,2812,3597.142857
2010-08-01,2146,3572.142857
2010-08-02,3413,3634
2010-08-03,5930,3636.714286
2010-08-04,4690,3183.142857
2010-08-05,3180,2926.714286
2010-08-06,3009,2883.714286
2010-08-07,2637,2941.142857
2010-08-08,2579,2912.571429
2010-08-09,3432,3123.428571
2010-08-10,2755,3197
2010-08-11,2895,3700
2010-08-12,2879,4055.714286
2010-08-13,3411,4306
2010-08-14,2437,4527.714286
2010-08-15,4055,4787
2010-08-16,3947,4771.714286
2010-08-17,6276,4869.428571
2010-08-18,5385,4555.714286
2010-08-19,4631,4248.142857
2010-08-20,4963,4099.428571
2010-08-21,4252,4393.571429
2010-08-22,3948,4244.285714
2010-08-23,4631,4170.857143
2010-08-24,4080,4023.142857
2010-08-25,3232,3918.142857
2010-08-26,3590,3955.714286
2010-08-27,7022,3965.285714
2010-08-28,3207,3528.428571
2010-08-29,3434,3532.857143
2010-08-30,3597,3586.714286
2010-08-31,3345,3604.571429
2010-09-01,3495,3795.428571
2010-09-02,3657,4035.714286
2010-09-03,3964,4309
2010-09-04,3238,5063.571429
2010-09-05,3811,5199.285714
2010-09-06,3722,7407.428571
2010-09-07,4681,8393.285714
2010-09-08,5177,8646
2010-09-09,5570,8604.857143
2010-09-10,9246,8597.857143
2010-09-11,4188,8375.714286
2010-09-12,19268,9026.142857
2010-09-13,10623,8183
2010-09-14,6450,19763.14286
2010-09-15,4889,20397.28571
2010-09-16,5521,20488.28571
2010-09-17,7691,20385.71429
2010-09-18,8741,19878
2010-09-19,13366,19206.28571
2010-09-20,91684,18907.71429
2010-09-21,10889,7565
2010-09-22,5526,7081.142857
2010-09-23,4803,6956.857143
2010-09-24,4137,6852
2010-09-25,4039,6819.142857
2010-09-26,11276,6763.142857
2010-09-27,12285,6321.285714
2010-09-28,7502,6143.142857
2010-09-29,4656,6387.714286
2010-09-30,4069,6388.714286
2010-10-01,3907,6356.571429
2010-10-02,3647,6387.714286
2010-10-03,8183,6338.714286
2010-10-04,11038,6527.571429
2010-10-05,9214,5948.142857
2010-10-06,4663,6619.428571
2010-10-07,3844,6648.714286
2010-10-08,4125,6848.571429
2010-10-09,3304,6865
2010-10-10,9505,6865.714286
2010-10-11,6982,6857.285714
2010-10-12,13913,9252.571429
2010-10-13,4868,8138.142857
2010-10-14,5243,8043.857143
2010-10-15,4240,7848.857143
2010-10-16,3309,7793.285714
2010-10-17,9446,7750.142857
2010-10-18,23749,7124
2010-10-19,6112,4739
2010-10-20,4208,6414.285714
2010-10-21,3878,6515.428571
2010-10-22,3851,6600.285714
2010-10-23,3007,7144.857143
2010-10-24,5063,7728.285714
2010-10-25,7054,8179.571429
2010-10-26,17839,8490.285714
2010-10-27,4916,9968.142857
2010-10-28,4472,10033.85714
2010-10-29,7663,10211.28571
2010-10-30,7091,10046.71429
2010-10-31,8222,9627.857143
2010-11-01,9229,9691.857143
2010-11-02,28184,10327
2010-11-03,5376,7166.857143
2010-11-04,5714,7016
2010-11-05,6511,6821
2010-11-06,4159,6526.428571
2010-11-07,8670,6443.571429
2010-11-08,13675,6226.571429
2010-11-09,6063,5701.571429
2010-11-10,4320,5705.571429
2010-11-11,4349,5673.428571
2010-11-12,4449,5797.142857
2010-11-13,3579,5941.142857
2010-11-14,7151,6316.857143
2010-11-15,10000,7282.857143
2010-11-16,6091,9553.142857
2010-11-17,4095,9646.714286
2010-11-18,5215,9644.714286
2010-11-19,5457,9766.428571
2010-11-20,6209,9882.714286
2010-11-21,13913,9626.142857
2010-11-22,25892,9096.571429
2010-11-23,6746,9462.857143
2010-11-24,4081,9561.142857
2010-11-25,6067,9794.142857
2010-11-26,6271,9556.428571
2010-11-27,4413,9240.714286
2010-11-28,10206,9142.142857
2010-11-29,28456,9219.428571
2010-11-30,7434,8066.571429
2010-12-01,5712,8375.142857
2010-12-02,4403,8459.142857
2010-12-03,4061,8792.285714
2010-12-04,3723,10695.57143
2010-12-05,10747,10915.85714
2010-12-06,20386,10455.71429
2010-12-07,9594,8860.285714
2010-12-08,6300,9866.857143
2010-12-09,6735,9897
2010-12-10,17384,9628.857143
2010-12-11,5265,7873.571429
2010-12-12,7526,7613.285714
2010-12-13,9218,7826
2010-12-14,16640,7808.714286
2010-12-15,6511,7726.142857
2010-12-16,4858,7743.857143
2010-12-17,5097,7786.142857
2010-12-18,3443,7645.714286
2010-12-19,9015,7622.285714
2010-12-20,9097,7406.714286
2010-12-21,16062,7799.428571
2010-12-22,6635,6555.714286
2010-12-23,5154,6630
2010-12-24,4114,6555.857143
2010-12-25,3279,6741.571429
2010-12-26,7506,7442
2010-12-27,11846,8094.857143
2010-12-28,7356,9530.142857
2010-12-29,7155,9710.285714
2010-12-30,4635,9812.857143
2010-12-31,5414,10248.42857
2011-01-01,8182,10870.57143
2011-01-02,12076,10978.57143
2011-01-03,21893,16825.28571
2011-01-04,8617,15395
2011-01-05,7873,15576.42857
2011-01-06,7684,15244.28571
2011-01-07,9769,14932.85714
2011-01-08,8938,14390.71429
2011-01-09,53003,13989
2011-01-10,11881,8326.285714
2011-01-11,9887,8267.714286
2011-01-12,5548,7787.714286
2011-01-13,5504,7854.571429
2011-01-14,5974,7910.714286
2011-01-15,6126,7748
2011-01-16,13364,7514
2011-01-17,11471,6731.714286
2011-01-18,6527,7100
2011-01-19,6016,7102.428571
2011-01-20,5897,7025.285714
2011-01-21,4835,6881.428571
2011-01-22,4488,6857.714286
2011-01-23,7888,6732.428571
2011-01-24,14049,6228.857143
2011-01-25,6544,5468.285714
2011-01-26,5476,5141.428571
2011-01-27,4890,4962.571429
2011-01-28,4669,4991.142857
2011-01-29,3611,4982
2011-01-30,4363,5193.571429
2011-01-31,8725,5718.285714
2011-02-01,4256,6989.857143
2011-02-02,4224,7188.571429
2011-02-03,5090,7150.428571
2011-02-04,4605,6983
2011-02-05,5092,6824.428571
2011-02-06,8036,6487.571429
2011-02-07,17626,5702.714286
2011-02-08,5647,3621.285714
2011-02-09,3957,3228.428571
2011-02-10,3918,3349.857143
2011-02-11,3495,3198.428571
2011-02-12,2734,3135.142857
2011-02-13,2542,3015.857143
2011-02-14,3056,2916.142857
2011-02-15,2897,2854.142857
2011-02-16,4807,2750
2011-02-17,2858,2389.142857
2011-02-18,3052,2323.428571
2011-02-19,1899,2189.428571
2011-02-20,1844,2172.142857
2011-02-21,2622,2193.857143
2011-02-22,2168,2163.142857
2011-02-23,2281,2185.285714
2011-02-24,2398,2196
2011-02-25,2114,2170.428571
2011-02-26,1778,2171.142857
2011-02-27,1996,2138.857143
2011-02-28,2407,2123.714286
2011-03-01,2323,2110.571429
2011-03-02,2356,2090.714286
2011-03-03,2219,2092.714286
2011-03-04,2119,2064.571429
2011-03-05,1552,2017
2011-03-06,1890,2068.857143
2011-03-07,2315,2075.428571
2011-03-08,2184,2009.714286
2011-03-09,2370,2001.428571
2011-03-10,2022,1900.428571
2011-03-11,1786,1855.714286
2011-03-12,1915,1815.571429
2011-03-13,1936,1728.571429
2011-03-14,1855,1652.714286
2011-03-15,2126,1624.714286
2011-03-16,1663,1587
2011-03-17,1709,1646.428571
2011-03-18,1505,1960
2011-03-19,1306,2338.142857
2011-03-20,1405,2494.857143
2011-03-21,1659,2547.571429
2011-03-22,1862,2592.571429
2011-03-23,2079,2633.285714
2011-03-24,3904,2621
2011-03-25,4152,2371.714286
2011-03-26,2403,2032.857143
2011-03-27,1774,1893
2011-03-28,1974,1871.428571
2011-03-29,2147,1829.857143
2011-03-30,1993,1796.714286
2011-03-31,2159,1767.428571
2011-04-01,1780,1699.142857
2011-04-02,1424,1973
2011-04-03,1623,2467.285714
2011-04-04,1683,2726.857143
2011-04-05,1915,2967.428571
2011-04-06,1788,3218.142857
2011-04-07,1681,3678.857143
2011-04-08,3697,4195.285714
2011-04-09,4884,4113.857143
2011-04-10,3440,3671.285714
2011-04-11,3367,3455.857143
2011-04-12,3670,3399.714286
2011-04-13,5013,3304.857143
2011-04-14,5296,2979.857143
2011-04-15,3127,2601.142857
2011-04-16,1786,2520.571429
2011-04-17,1932,2525.857143
2011-04-18,2974,2553.142857
2011-04-19,3006,2566
2011-04-20,2738,2607.428571
2011-04-21,2645,2726.571429
2011-04-22,2563,2943.142857
2011-04-23,1823,3385.428571
2011-04-24,2123,3801.714286
2011-04-25,3064,3929.428571
2011-04-26,3296,3838.857143
2011-04-27,3572,3685.285714
2011-04-28,4161,3516.285714
2011-04-29,5659,3274.857143
2011-04-30,4737,2741.142857
2011-05-01,3017,2268.285714
2011-05-02,2430,2060.857143
2011-05-03,2221,1965.571429
2011-05-04,2389,1915.571429
2011-05-05,2471,1868.428571
2011-05-06,1923,1808.428571
2011-05-07,1427,1778.142857
2011-05-08,1565,1750.857143
2011-05-09,1763,1754.142857
2011-05-10,1871,1771.428571
2011-05-11,2059,1766
2011-05-12,2051,1754.571429
2011-05-13,1711,1732.571429
2011-05-14,1236,1714.571429
2011-05-15,1588,1713.428571
2011-05-16,1884,1685.142857
2011-05-17,1833,1671
2011-05-18,1979,1698.142857
2011-05-19,1897,1944.571429
2011-05-20,1585,1978.714286
2011-05-21,1228,1969.428571
2011-05-22,1390,1966
2011-05-23,1785,1947.571429
2011-05-24,2023,1927.142857
2011-05-25,3704,1878
2011-05-26,2136,1591.571429
2011-05-27,1520,1558.857143
2011-05-28,1204,1557.857143
2011-05-29,1261,1559.571429
2011-05-30,1642,1554.428571
2011-05-31,1679,1573.571429
2011-06-01,1699,1604.142857
2011-06-02,1907,1578.857143
2011-06-03,1513,1501.571429
2011-06-04,1216,1510.714286
2011-06-05,1225,1526.142857
2011-06-06,1776,1552.428571
2011-06-07,1893,1544.428571
2011-06-08,1522,1464.857143
2011-06-09,1366,1485.714286
2011-06-10,1577,1519.571429
2011-06-11,1324,1528.714286
2011-06-12,1409,1602
2011-06-13,1720,1697
2011-06-14,1336,1716.428571
2011-06-15,1668,1741
2011-06-16,1603,1732.285714
2011-06-17,1641,1834.857143
2011-06-18,1837,1908.428571
2011-06-19,2074,1850.428571
2011-06-20,1856,1834.857143
2011-06-21,1508,1845.857143
2011-06-22,1607,1904.714286
2011-06-23,2321,1970.142857
2011-06-24,2156,1897
2011-06-25,1431,1828.285714
2011-06-26,1965,1855.285714
2011-06-27,1933,1767.857143
2011-06-28,1920,1895
2011-06-29,2065,1906.142857
2011-06-30,1809,1886.142857
2011-07-01,1675,1916.571429
2011-07-02,1620,2834.857143
2011-07-03,1353,3494.142857
2011-07-04,2823,3857.571429
2011-07-05,1998,3795.714286
2011-07-06,1925,3789.714286
2011-07-07,2022,3801.714286
2011-07-08,8103,4083
2011-07-09,6235,3216
2011-07-10,3897,2549.571429
2011-07-11,2390,2304.142857
2011-07-12,1956,2295.571429
2011-07-13,2009,2357.571429
2011-07-14,3991,2521.428571
2011-07-15,2034,2336
2011-07-16,1570,2393.142857
2011-07-17,2179,2431.142857
2011-07-18,2330,2373.714286
2011-07-19,2390,2421.142857
2011-07-20,3156,2713.285714
2011-07-21,2693,2819
2011-07-22,2434,2973.571429
2011-07-23,1836,3254.142857
2011-07-24,1777,4244.428571
2011-07-25,2662,6170.571429
2011-07-26,4435,6889
2011-07-27,3896,6985.714286
2011-07-28,3775,7032.142857
2011-07-29,4398,7082.428571
2011-07-30,8768,7004
2011-07-31,15260,6220.714286
2011-08-01,7691,4528.571429
2011-08-02,5112,3863.857143
2011-08-03,4221,3597.714286
2011-08-04,4127,3481.285714
2011-08-05,3849,3339.285714
2011-08-06,3285,3304.714286
2011-08-07,3415,3280.142857
2011-08-08,3038,3452.285714
2011-08-09,3249,3492.428571
2011-08-10,3406,3532.428571
2011-08-11,3133,3553
2011-08-12,3607,3675.285714
2011-08-13,3113,3738.285714
2011-08-14,4620,3943.714286
2011-08-15,3319,4190.857143
2011-08-16,3529,4596.714286
2011-08-17,3550,4956.571429
2011-08-18,3989,5159.142857
2011-08-19,4048,5448.714286
2011-08-20,4551,5631.428571
2011-08-21,6350,6431.571429
2011-08-22,6160,6166.857143
2011-08-23,6048,5956
2011-08-24,4968,6013.428571
2011-08-25,6016,5844.428571
2011-08-26,5327,5483.285714
2011-08-27,10152,5165.142857
2011-08-28,4497,4194.285714
2011-08-29,4684,4945.571429
2011-08-30,6450,5624.571429
2011-08-31,3785,5891.428571
2011-09-01,3488,7782.428571
2011-09-03,3100,10702.57143
2011-09-04,3356,11553.28571
2011-09-05,9756,13497.14286
2011-09-06,9437,14244.42857
2011-09-07,8318,14535.71429
2011-09-08,17022,14088.71429
2011-09-09,23929,12324.57143
2011-09-10,9055,9561.142857
2011-09-11,16963,9047.714286
2011-09-12,14987,8066.714286
2011-09-13,11476,7835.714286
2011-09-14,5189,8147.857143
2011-09-15,4673,8094
2011-09-16,4585,7991.857143
2011-09-17,5461,7894.142857
2011-09-18,10096,7679.285714
2011-09-19,13370,7430
2011-09-20,13661,9570.714286
2011-09-21,4812,8986.571429
2011-09-22,3958,8860
2011-09-23,3901,8896.857143
2011-09-24,3957,8988.714286
2011-09-25,8351,8940.714286
2011-09-26,28355,8772
2011-09-27,9572,5872.142857
2011-09-28,3926,6524.714286
2011-09-29,4216,6608.428571
2011-09-30,4544,6587.571429
2011-10-01,3621,6552.285714
2011-10-02,7170,6529.285714
2011-10-03,8056,6626.428571
2011-10-04,14140,6505.571429
2011-10-05,4512,5347
2011-10-06,4070,5240
2011-10-07,4297,5164.857143
2011-10-08,3460,5038.142857
2011-10-09,7850,5524.714286
2011-10-10,7210,5669.571429
2011-10-11,6030,5809.714286
2011-10-12,3763,5821
2011-10-13,3544,5932.857143
2011-10-14,3410,5950.428571
2011-10-15,6866,5913.142857
2011-10-16,8864,5910.428571
2011-10-17,8191,8421.714286
2011-10-18,6109,8208.714286
2011-10-19,4546,8246.714286
2011-10-21,3667,8629.142857
2011-10-22,3149,8852
2011-10-23,6847,8948.714286
2011-10-24,26443,9624.142857
2011-10-25,6700,7161.571429
2011-10-26,6375,7143.714286
2011-10-27,7223,7051.571429
2011-10-28,5227,6915.285714
2011-10-29,3826,7182.428571
2011-10-30,11575,7297.142857
2011-10-31,9205,7329
2011-11-01,6575,8442.714286
2011-11-02,5730,8486.142857
2011-11-03,6269,8342.857143
2011-11-04,7097,7976
2011-11-05,4629,7497.285714
2011-11-06,11798,7282.428571
2011-11-07,17001,6841.428571
2011-11-08,6879,6260.428571
2011-11-09,4727,6420
2011-11-10,3701,6405.428571
2011-11-11,3746,6527.428571
2011-11-12,3125,6759
2011-11-13,8711,6861.571429
2011-11-14,12934,6514.285714
2011-11-15,7996,6565.857143
2011-11-16,4625,6302.571429
2011-11-17,4555,6252
2011-11-18,5367,6515.285714
2011-11-19,3843,6630.428571
2011-11-20,6280,6707.571429
2011-11-21,13295,7393.571429
2011-11-22,6153,7066.571429
2011-11-23,4271,8887.142857
2011-11-24,6398,9221.714286
2011-11-25,6173,9120.285714
2011-11-26,4383,9328.428571
2011-11-27,11082,9692.428571
2011-11-28,11006,10441.57143
2011-11-29,18897,10854
2011-11-30,6613,9210.571429
2011-12-01,5688,9449
2011-12-02,7630,9928.142857
2011-12-03,6931,9856.285714
2011-12-04,16326,9490.285714
2011-12-05,13893,8618.285714
2011-12-06,7393,9349.714286
2011-12-07,8282,9287
2011-12-08,9042,8829.857143
2011-12-09,7127,8304.857143
2011-12-10,4369,7978.714286
2011-12-11,10222,7869.428571
2011-12-12,19013,8311.714286
2011-12-13,6954,7434.428571
2011-12-14,5082,7430.857143
2011-12-15,5367,7317.142857
2011-12-16,4844,7330.857143
2011-12-17,3604,6742.428571
2011-12-18,13318,6523.428571
2011-12-19,12872,6105.428571
2011-12-20,6929,5294
2011-12-21,4286,5158.428571
2011-12-22,5463,5216.571429
2011-12-23,725,4928.285714
2011-12-26,2071,6074.142857
2011-12-27,10392,9797.285714
2011-12-28,7192,11043.57143
2011-12-29,5980,11412.57143
2011-12-30,4693,11471.14286
2011-12-31,3445,11504
2012-01-01,8746,11831.85714
2012-01-02,28133,13853.85714
2012-01-03,19116,11676.57143
2012-01-04,9775,10072.57143
2012-01-05,6390,9783.428571
2012-01-06,4923,9938.571429
2012-01-07,5740,10115.71429
2012-01-08,22900,10187.57143
2012-01-09,12892,11005.14286
2012-01-10,7888,14724.71429
2012-01-11,7751,15626.85714
2012-01-12,7476,16637.28571
2012-01-13,6163,18998.85714
2012-01-14,6243,20516.71429
2012-01-15,28623,21372.71429
2012-01-16,38929,19974.71429
2012-01-17,14203,29571.14286
2012-01-18,14824,31712.71429
2012-01-19,24007,33323.85714
2012-01-20,16788,32185.85714
2012-01-21,12235,32622
2012-01-22,18837,32560.57143
2012-01-23,106104,31941.57143
2012-01-24,29194,21211.14286
2012-01-25,26102,21434.85714
2012-01-26,16041,21620
2012-01-27,19841,21740.28571
2012-01-28,11805,22701.28571
2012-01-29,14504,23829.71429
2012-01-30,30991,30978.14286
2012-01-31,30760,72149.42857
2012-02-01,27398,75688.14286
2012-02-02,16883,75547.14286
2012-02-03,26568,75880.14286
2012-02-04,19704,75006.14286
2012-02-05,64543,73920.85714
2012-02-06,319190,66317.71429
2012-02-07,55531,22060.71429
2012-02-08,26411,15189.85714
2012-02-09,19214,12803
2012-02-10,20450,11283.85714
2012-02-11,12107,9231
2012-02-12,11321,8138.714286
2012-02-13,9391,7093.285714
2012-02-14,7435,7051.571429
2012-02-15,9703,7092.285714
2012-02-16,8580,6311.285714
2012-02-17,6080,5904.428571
2012-02-18,4461,5845.857143
2012-02-19,4003,6080.142857
2012-02-20,9099,6121.714286
2012-02-21,7720,5440.714286
2012-02-22,4236,5052.142857
2012-02-23,5732,5032.428571
2012-02-24,5670,4846
2012-02-25,6101,4624.142857
2012-02-26,4294,4297
2012-02-27,4332,4484.714286
2012-02-28,5000,4446.857143
2012-02-29,4098,4389.142857
2012-03-01,4427,20103.71429
2012-03-02,4117,31771.57143
2012-03-03,3811,37475.42857
2012-03-04,5608,41327.14286
2012-03-05,4067,43629.14286
2012-03-06,4596,47220.28571
2012-03-07,114100,50385.42857
2012-03-08,86102,37547.28571
2012-03-09,44044,28891.42857
2012-03-10,30773,26222.14286
2012-03-11,21722,25706.14286
2012-03-12,29205,25857.42857
2012-03-13,26752,30977.42857
2012-03-14,24233,37339.71429
2012-03-15,25511,40737.28571
2012-03-16,25359,40078.57143
2012-03-17,27161,38141.85714
2012-03-18,22781,35416.71429
2012-03-19,65045,33141.71429
2012-03-20,71288,24895.14286
2012-03-21,48016,15626
2012-03-22,20900,9498.142857
2012-03-23,11802,7145.285714
2012-03-24,8085,6041.285714
2012-03-25,6856,5485.285714
2012-03-26,7319,4990.857143
2012-03-27,6404,4554.571429
2012-03-28,5121,4247.428571
2012-03-29,4430,4026.571429
2012-03-30,4074,3868.857143
2012-03-31,4193,3741.142857
2012-04-01,3395,3499
2012-04-02,4265,3382.285714
2012-04-03,4254,3244.428571
2012-04-04,3575,3102.857143
2012-04-05,3326,3013.714286
2012-04-06,3180,3008.714286
2012-04-07,2498,3373.285714
2012-04-08,2578,3460.142857
2012-04-09,3300,3539.428571
2012-04-10,3263,3599.428571
2012-04-11,2951,3638.428571
2012-04-12,3291,3812.428571
2012-04-13,5732,3892.714286
2012-04-14,3106,3525
2012-04-15,3133,3399.285714
2012-04-16,3720,3343.714286
2012-04-17,3536,3364.714286
2012-04-18,4169,3427.571429
2012-04-19,3853,3447.714286
2012-04-20,3158,3699.714286
2012-04-21,2226,4768.714286
2012-04-22,2744,5287.571429
2012-04-23,3867,5586.142857
2012-04-24,3976,5539.428571
2012-04-25,4310,5495
2012-04-26,5617,5393.714286
2012-04-27,10641,5030.428571
2012-04-28,5858,3960.142857
2012-04-29,4834,4475.142857
2012-05-01,3540,4764.428571
2012-05-02,3665,4862.857143
2012-05-03,3601,4850.857143
2012-05-04,3074,4744.142857
2012-05-05,3149,4678.714286
2012-05-06,9463,4547.285714
2012-05-07,6859,3550.857143
2012-05-08,4229,2931.142857
2012-05-09,3581,2707.285714
2012-05-10,2854,2638
2012-05-11,2616,2636.428571
2012-05-12,2229,2600.285714
2012-05-13,2488,2534.571429
2012-05-14,2521,2447.714286
2012-05-15,2662,2512.571429
2012-05-16,3096,2712.714286
2012-05-17,2843,2708.714286
2012-05-18,2363,2647.857143
2012-05-19,1769,2645.857143
2012-05-20,1880,2645.428571
2012-05-21,2975,2673.857143
2012-05-22,4063,2550.714286
2012-05-23,3068,2325.857143
2012-05-24,2417,2241
2012-05-25,2349,2317.571429
2012-05-26,1766,2335.142857
2012-05-27,2079,2385.285714
2012-05-28,2113,2402
2012-05-29,2489,2463.571429
2012-05-30,2474,2506.428571
2012-05-31,2953,2453.428571
2012-06-01,2472,2354.571429
2012-06-02,2117,2379.142857
2012-06-03,2196,2478.142857
2012-06-04,2544,2499
2012-06-05,2789,2430.714286
2012-06-06,2103,2398.285714
2012-06-07,2261,2482.142857
2012-06-08,2644,2481.714286
2012-06-09,2810,2423.428571
2012-06-10,2342,2290.714286
2012-06-11,2066,2346
2012-06-12,2562,2400
2012-06-13,2690,2670.142857
2012-06-14,2258,2796.428571
2012-06-15,2236,2845.142857
2012-06-16,1881,2920.428571
2012-06-17,2729,2927.857143
2012-06-18,2444,2801.285714
2012-06-19,4453,2751.857143
2012-06-20,3574,2454.285714
2012-06-21,2599,2232
2012-06-22,2763,2143.857143
2012-06-23,1933,2017.714286
2012-06-24,1843,1962.857143
2012-06-25,2098,1948.571429
2012-06-26,2370,1911
2012-06-27,2018,1870.285714
2012-06-28,1982,1890
2012-06-29,1880,1880.571429
2012-06-30,1549,1924
2012-07-01,1743,1990
2012-07-02,1835,2021.428571
2012-07-03,2085,2088.285714
2012-07-04,2156,2133
2012-07-05,1916,2253.571429
2012-07-06,2184,2796.428571
2012-07-07,2011,3122
2012-07-08,1963,3460.571429
2012-07-09,2303,3618.142857
2012-07-10,2398,3697.428571
2012-07-11,3000,3778.714286
2012-07-12,5716,3772.714286
2012-07-13,4463,3355.571429
2012-07-14,4381,3138.714286
2012-07-15,3066,2855.857143
2012-07-16,2858,2769.571429
2012-07-17,2967,2810.428571
2012-07-18,2958,2802.285714
2012-07-19,2796,2861
2012-07-20,2945,3207
2012-07-21,2401,3862.857143
2012-07-22,2462,4086.571429
2012-07-23,3144,4300.571429
2012-07-24,2910,4352.857143
2012-07-25,3369,4328
2012-07-26,5218,4218.571429
2012-07-27,7536,3930.857143
2012-07-28,3967,3315.714286
2012-07-29,3960,3229.571429
2012-07-30,3510,3140.714286
2012-07-31,2736,3131.285714
2012-08-01,2603,3194.714286
2012-08-02,3204,3225.857143
2012-08-03,3230,3310.285714
2012-08-04,3364,4015
2012-08-05,3338,4360.285714
2012-08-06,3444,4831.714286
2012-08-07,3180,4958.857143
2012-08-08,2821,5253.142857
2012-08-09,3795,5475.571429
2012-08-10,8163,5416.714286
2012-08-11,5781,4880
2012-08-12,6638,4649.571429
2012-08-13,4334,4778.285714
2012-08-14,5240,5326
2012-08-15,4378,5199
2012-08-16,3383,5095.428571
2012-08-17,4406,5238.428571
2012-08-18,4168,5190.285714
2012-08-19,7539,5488.714286
2012-08-20,8168,6214.428571
2012-08-21,4351,6387
2012-08-22,3653,6533.285714
2012-08-23,4384,6689.285714
2012-08-24,4069,6677
2012-08-25,6257,6845.285714
2012-08-26,12619,6634.428571
2012-08-27,9376,5951.142857
2012-08-28,5375,5357.285714
2012-08-29,4745,5270.142857
2012-08-30,4298,5488.285714
2012-08-31,5247,8064.714286
2012-09-01,4781,8165.142857
2012-09-02,7836,8412
2012-09-03,5219,9971.285714
2012-09-04,4765,25045.71429
2012-09-05,6272,26535.57143
2012-09-06,22333,26571.28571
2012-09-07,5950,24222.42857
2012-09-08,6509,24531.14286
2012-09-09,18751,24499.42857
2012-09-10,110740,24415.71429
2012-09-11,15194,10731.85714
2012-09-12,6522,14249.71429
2012-09-13,5891,14224.42857
2012-09-14,8111,14128.85714
2012-09-15,6287,14706
2012-09-16,18165,14481.14286
2012-09-17,14953,13891.71429
2012-09-18,39819,13877.57143
2012-09-19,6345,9027.428571
2012-09-20,5222,8626.285714
2012-09-21,12151,8422.428571
2012-09-22,4713,7396.428571
2012-09-23,14039,7311.714286
2012-09-24,14854,6806.285714
2012-09-25,5868,7391.714286
2012-09-26,3537,7533.142857
2012-09-27,3795,7728.428571
2012-09-28,4969,7989.142857
2012-09-29,4120,8486.857143
2012-09-30,10501,8636.428571
2012-10-01,18952,9759.571429
2012-10-02,6858,9905.285714
2012-10-03,4904,9990.285714
2012-10-04,5620,9883.285714
2012-10-05,8453,9620
2012-10-06,5167,9048.857143
2012-10-07,18363,8853
2012-10-08,19972,7429.285714
2012-10-09,7453,5860.714286
2012-10-10,4155,12027.71429
2012-10-11,3777,12362
2012-10-12,4455,12510.71429
2012-10-13,3796,12569
2012-10-14,8397,12573.85714
2012-10-15,8992,13367.57143
2012-10-16,50622,13358.71429
2012-10-17,6495,6958.714286
2012-10-18,4818,6634.714286
2012-10-19,4863,6545.142857
2012-10-20,3830,6548.857143
2012-10-21,13953,6727.571429
2012-10-22,8930,6176.428571
2012-10-23,5822,9807.571429
2012-10-24,4227,9999.428571
2012-10-25,4191,10237.71429
2012-10-26,4889,10339.85714
2012-10-27,5081,10393.28571
2012-10-28,10095,10341.14286
2012-10-29,34348,11272.85714
2012-10-30,7165,8667
2012-10-31,5895,8620.142857
2012-11-01,4906,8405.714286
2012-11-02,5263,8405.857143
2012-11-03,4716,8647.571429
2012-11-04,16617,8537.857143
2012-11-05,16107,7672.714286
2012-11-06,6837,6666.142857
2012-11-07,4394,6552.857143
2012-11-08,4907,6518.571429
2012-11-09,6955,6432
2012-11-10,3948,6000.142857
2012-11-11,10561,5920.857143
2012-11-12,9061,5796.857143
2012-11-13,6044,6800.142857
2012-11-14,4154,6756.714286
2012-11-15,4301,6735
2012-11-16,3932,6938.142857
2012-11-17,3393,7455.428571
2012-11-18,9693,7603.428571
2012-11-19,16084,8066.285714
2012-11-20,5740,8586.857143
2012-11-21,4002,8762.428571
2012-11-22,5723,8977.857143
2012-11-23,7553,8849.571429
2012-11-24,4429,8671.285714
2012-11-25,12933,8857.285714
2012-11-26,19728,8649.571429
2012-11-27,6969,8109
2012-11-28,5510,9315.142857
2012-11-29,4825,9410.714286
2012-11-30,6305,9649.428571
2012-12-01,5731,11773.71429
2012-12-02,11479,11845.57143
2012-12-03,15944,11696
2012-12-04,15412,10929
2012-12-05,6179,10502
2012-12-06,6496,10560.42857
2012-12-07,21175,10492.57143
2012-12-08,6234,8128.428571
2012-12-09,10432,7807.571429
2012-12-10,10575,7900.714286
2012-12-11,12423,8029.285714
2012-12-12,6588,7194.285714
2012-12-13,6021,6968.714286
2012-12-14,4626,6752.142857
2012-12-15,3988,6664.285714
2012-12-16,11084,6621.285714
2012-12-17,11475,6534
2012-12-18,6578,7117.142857
2012-12-19,5009,6983
2012-12-20,4505,7049.428571
2012-12-21,4011,7524
2012-12-22,3687,7794.714286
2012-12-23,10473,7993.428571
2012-12-24,15557,8387.142857
2012-12-25,5639,9794.571429
2012-12-26,5474,10283.28571
2012-12-27,7827,10761.57143
2012-12-28,5906,10866.57143
2012-12-29,5078,11643.14286
2012-12-30,13229,12388.71429
2012-12-31,25409,14092.14286
2013-01-01,9060,12354.14286
2013-01-02,8822,12355
2013-01-03,8562,12328.28571
2013-01-04,11342,12231.85714
2013-01-05,10297,11950.42857
2013-01-06,25153,15889.14286
2013-01-07,13243,26504.57143
2013-01-08,9066,28429.85714
2013-01-09,8635,28666.28571
2013-01-10,7887,28425.42857
2013-01-11,9372,28184.71429
2013-01-12,37868,27665.71429
2013-01-13,99461,22926.85714
2013-01-14,26720,9834.428571
2013-01-15,10721,9231
2013-01-16,6949,8863.571429
2013-01-17,6202,8878.142857
2013-01-18,5739,8756.714286
2013-01-19,4696,8664.857143
2013-01-20,7814,8667.571429
2013-01-21,22496,8278
2013-01-22,8149,8556.571429
2013-01-23,7051,8208.714286
2013-01-24,5352,7912.142857
2013-01-25,5096,7839.571429
2013-01-26,4715,7870.571429
2013-01-27,5087,7935
2013-01-28,24446,9330.714286
2013-01-29,5714,9068.571429
2013-01-30,4975,9269
2013-01-31,4844,9280.285714
2013-02-01,5313,9213.142857
2013-02-02,5166,8974.714286
2013-02-03,14857,8704
2013-02-04,22611,7024.285714
2013-02-05,7117,4258.428571
2013-02-06,5054,3683.428571
2013-02-07,4374,3376.857143
2013-02-08,3644,3115.857143
2013-02-09,3271,2978.142857
2013-02-10,3099,2865.714286
2013-02-11,3250,2779.714286
2013-02-12,3092,2727.571429
2013-02-13,2908,2714.571429
2013-02-14,2547,2688.857143
2013-02-15,2680,2692.142857
2013-02-16,2484,2684
2013-02-17,2497,2662
2013-02-18,2885,2615.428571
2013-02-19,3001,2567.571429
2013-02-20,2728,2654.571429
2013-02-21,2570,2681.571429
2013-02-22,2623,2708.857143
2013-02-23,2330,2708.571429
2013-02-24,2171,2705.285714
2013-02-25,2550,2736.428571
2013-02-26,3610,2733.285714
2013-02-27,2917,2579.857143
2013-02-28,2761,2528.285714
2013-03-01,2621,2527.142857
2013-03-02,2307,2487
2013-03-03,2389,2439
2013-03-04,2528,2359.857143
2013-03-05,2536,2333
2013-03-06,2556,2320.571429
2013-03-07,2753,2416.285714
2013-03-08,2340,2646.142857
2013-03-09,1971,2766
2013-03-10,1835,2852
2013-03-11,2340,2976.714286
2013-03-12,2449,3007
2013-03-13,3226,3038.428571
2013-03-14,4362,3111.142857
2013-03-15,3179,3219.285714
2013-03-16,2573,3199.285714
2013-03-17,2708,3191.428571
2013-03-18,2552,3461.285714
2013-03-19,2669,3565.571429
2013-03-20,3735,3556.857143
2013-03-21,5119,3364.714286
2013-03-22,3039,2973
2013-03-23,2518,2878.142857
2013-03-24,4597,2856.142857
2013-03-25,3282,2452.857143
2013-03-26,2608,2313.571429
2013-03-27,2390,2225.428571
2013-03-28,2377,2193.428571
2013-03-29,2375,2122.285714
2013-03-30,2364,2028.714286
2013-03-31,1774,1935
2013-04-01,2307,1952.714286
2013-04-02,1991,1920.428571
2013-04-03,2166,1944.142857
2013-04-04,1879,1911
2013-04-05,1720,2102.428571
2013-04-06,1708,2172.571429
2013-04-07,1898,2155
2013-04-08,2081,2109.857143
2013-04-09,2157,2067.428571
2013-04-10,1934,2037.428571
2013-04-11,3219,2037.857143
2013-04-12,2211,1875
2013-04-13,1585,1926.857143
2013-04-14,1582,1914.428571
2013-04-15,1784,1956.285714
2013-04-16,1947,2011.428571
2013-04-17,1937,2059
2013-04-18,2079,2213.285714
2013-04-19,2574,2333.857143
2013-04-20,1498,2471.571429
2013-04-21,1875,2674.142857
2013-04-22,2170,2753.142857
2013-04-23,2280,3020.428571
2013-04-24,3017,3145.285714
2013-04-25,2923,3055.285714
2013-04-26,3538,3173.142857
2013-04-27,2916,3053.285714
2013-04-28,2428,2885.285714
2013-04-29,4041,2809.714286
2013-04-30,3154,2587
2013-05-01,2387,2459
2013-05-02,3748,2438.428571
2013-05-03,2699,2226.857143
2013-05-04,1740,2121.571429
2013-05-05,1899,2077.285714
2013-05-06,2482,2017.714286
2013-05-07,2258,1914.857143
2013-05-08,2243,1874.571429
2013-05-09,2267,1842.714286
2013-05-10,1962,1818.285714
2013-05-11,1430,1824
2013-05-12,1482,1821.714286
2013-05-13,1762,1797.571429
2013-05-14,1976,1774.285714
2013-05-15,2020,1770.428571
2013-05-16,2096,1742
2013-05-17,2002,1724
2013-05-18,1414,1673.428571
2013-05-19,1313,1633
2013-05-20,1599,1627.571429
2013-05-21,1949,1601.142857
2013-05-22,1821,1568.571429
2013-05-23,1970,1580.285714
2013-05-24,1648,1588.142857
2013-05-25,1131,1592.857143
2013-05-26,1275,1653.714286
2013-05-27,1414,1680.571429
2013-05-28,1721,1720.571429
2013-05-29,1903,1742.857143
2013-05-30,2025,1693.857143
2013-05-31,1681,1612.285714
2013-06-01,1557,1584.285714
2013-06-02,1463,1572
2013-06-03,1694,1560.142857
2013-06-04,1877,1596.571429
2013-06-05,1560,1743.428571
2013-06-06,1454,1810.571429
2013-06-07,1485,1854.571429
2013-06-08,1471,1861.285714
2013-06-09,1380,1866.714286
2013-06-10,1949,1904.428571
2013-06-11,2905,1865.571429
2013-06-12,2030,1701.285714
2013-06-13,1762,1637.571429
2013-06-14,1532,1594
2013-06-15,1509,1592.142857
2013-06-16,1644,1586.142857
2013-06-17,1677,1541
2013-06-18,1755,1510.714286
2013-06-19,1584,1478.428571
2013-06-20,1457,1484.857143
2013-06-21,1519,1553
2013-06-22,1467,1627.571429
2013-06-23,1328,1623
2013-06-24,1465,1638.428571
2013-06-25,1529,1642.285714
2013-06-26,1629,1631.428571
2013-06-27,1934,1614.714286
2013-06-28,2041,1599.857143
2013-06-29,1435,1566.714286
2013-06-30,1436,1537.142857
2013-07-01,1492,1512.571429
2013-07-02,1453,1516
2013-07-03,1512,1549
2013-07-04,1830,1598.857143
2013-07-05,1809,1575.857143
2013-07-06,1228,1568.857143
2013-07-07,1264,1613
2013-07-08,1516,1655.714286
2013-07-09,1684,1719.714286
2013-07-10,1861,1772.142857
2013-07-11,1669,1841.142857
2013-07-12,1760,2004
2013-07-13,1537,2035.428571
2013-07-14,1563,2053.857143
2013-07-15,1964,2067
2013-07-16,2051,2071.285714
2013-07-17,2344,1887.142857
2013-07-18,2809,1851.571429
2013-07-19,1980,1808.714286
2013-07-20,1666,1821.142857
2013-07-21,1655,2306.857143
2013-07-22,1994,2793.571429
2013-07-24,762,2875.714286
2013-07-25,2095,3114
2013-07-26,2509,3095.142857
2013-07-27,2067,2979.714286
2013-07-28,5066,2981.142857
2013-07-29,5062,2522.857143
2013-07-30,2569,2123.142857
2013-07-31,2430,2146.714286
2013-08-01,1963,2623.142857
2013-08-02,1701,2915.142857
2013-08-03,2077,3158.285714
2013-08-04,1858,3256.857143
2013-08-05,2264,3350.142857
2013-08-06,2734,3391.142857
2013-08-07,5765,3341.285714
2013-08-08,4007,2855
2013-08-09,3403,2627.714286
2013-08-10,2767,2455.142857
2013-08-11,2511,2380.285714
2013-08-12,2551,2517.714286
2013-08-13,2385,2701.714286
2013-08-14,2361,2762.571429
2013-08-15,2416,2777.285714
2013-08-16,2195,2787.571429
2013-08-17,2243,2827
2013-08-18,3473,2776.857143
2013-08-19,3839,2965
2013-08-20,2811,2762.428571
2013-08-21,2464,2666.428571
2013-08-22,2488,2665
2013-08-23,2471,2721.714286
2013-08-24,1892,2792.142857
2013-08-25,4790,2873.857143
2013-08-26,2421,3049.857143
2013-08-27,2139,3116.142857
2013-08-28,2454,3279.428571
2013-08-29,2885,3371.142857
2013-08-30,2964,3719.714286
2013-08-31,2464,10821
2013-09-01,6022,11872.28571
2013-09-02,2885,12357.85714
2013-09-03,3282,14582.42857
2013-09-04,3096,15032.28571
2013-09-05,5325,15298.14286
2013-09-06,52673,15420.85714
2013-09-07,9823,8966.285714
2013-09-08,9421,8286.428571
2013-09-09,18457,11710.42857
2013-09-10,6431,13481.28571
2013-09-11,4957,13902.71429
2013-09-12,6184,13902.85714
2013-09-13,7491,13646
2013-09-14,5064,13186.85714
2013-09-15,33389,12948.28571
2013-09-16,30853,9063.857143
2013-09-17,9381,5545.142857
2013-09-18,4958,11347.28571
2013-09-19,4386,16721.57143
2013-09-20,4277,18801.85714
2013-09-21,3394,19226
2013-09-22,6198,19818
2013-09-23,6222,21188.85714
2013-09-24,49996,24005.57143
2013-09-25,42578,18486.28571
2013-09-26,18948,13785.71429
2013-09-27,7246,12104.57143
2013-09-28,7538,11829
2013-09-29,15794,11635.85714
2013-09-30,25939,12382.71429
2013-10-01,11361,12672.28571
2013-10-02,9674,12467.57143
2013-10-03,7180,11984.57143
2013-10-04,5317,11883.71429
2013-10-05,6186,12552
2013-10-06,21022,12390.42857
2013-10-07,27966,10613.57143
2013-10-08,9928,8385.428571
2013-10-09,6293,8159
2013-10-10,6474,8536.428571
2013-10-11,9995,9423.571429
2013-10-12,5055,9291.142857
2013-10-13,8584,9519.285714
2013-10-14,12369,9718.857143
2013-10-15,8343,16917.71429
2013-10-16,8935,17332.14286
2013-10-17,12684,16895.28571
2013-10-18,9068,15841.28571
2013-10-19,6652,15204.42857
2013-10-20,9981,14769.14286
2013-10-21,62761,14573
2013-10-22,11244,7124
2013-10-23,5877,6221
2013-10-24,5306,5895
2013-10-25,4610,5605.714286
2013-10-26,3605,5391.857143
2013-10-27,8608,5283
2013-10-28,10618,4688
2013-10-29,4923,4110.428571
2013-10-30,3595,3983.714286
2013-10-31,3281,3949.857143
2013-11-01,3113,4017.285714
2013-11-02,2843,4071.142857
2013-11-03,4443,4024
2013-11-04,6575,4145.285714
2013-11-05,4036,5339.285714
2013-11-06,3358,5835.428571
2013-11-07,3753,5969.428571
2013-11-08,3490,6015
2013-11-09,2513,6317.142857
2013-11-10,5292,6628.571429
2013-11-11,14933,6926.142857
2013-11-12,7509,12284.71429
2013-11-13,4296,12563.85714
2013-11-14,4072,12611
2013-11-15,5605,12692.85714
2013-11-16,4693,12647.14286
2013-11-17,7375,12594.71429
2013-11-18,52443,12430.14286
2013-11-19,9463,9578.857143
2013-11-20,4626,9092.142857
2013-11-21,4645,8949
2013-11-22,5285,8816.857143
2013-11-23,4326,8622.571429
2013-11-24,6223,8509.285714
2013-11-25,32484,8589.428571
2013-11-26,6056,6539.142857
2013-11-27,3624,7382.142857
2013-11-28,3720,8000.571429
2013-11-29,3925,8229.142857
2013-11-30,3533,8362
2013-12-01,6784,8733.857143
2013-12-02,18132,8831.428571
2013-12-03,11957,8462.142857
2013-12-04,7953,7765.142857
2013-12-05,5320,7337.714286
2013-12-06,4855,7378.714286
2013-12-07,6136,8102.857143
2013-12-08,7467,8277.714286
2013-12-09,15547,8399.714286
2013-12-10,7078,7646.857143
2013-12-11,4961,7678
2013-12-12,5607,7779.285714
2013-12-13,9924,7463.142857
2013-12-14,7360,6615.571429
2013-12-15,8321,6033.857143
2013-12-16,10277,6789.857143
2013-12-17,7296,8182.285714
2013-12-18,5670,8227.285714
2013-12-19,3394,8177
2013-12-20,3991,8563.428571
2013-12-21,3288,8687.714286
2013-12-22,13613,8924.142857
2013-12-23,20024,8542.142857
2013-12-24,7611,9323.428571
2013-12-25,5318,9618
2013-12-26,6099,9840.428571
2013-12-27,4861,9948.571429
2013-12-28,4943,10326
2013-12-29,10939,10660.28571
2013-12-30,25493,9875.571429
2013-12-31,9673,7381.428571
2014-01-01,6875,6953.857143
2014-01-02,6856,6972.142857
2014-01-03,7503,7073.142857
2014-01-04,7283,7000.428571
2014-01-05,5446,12254.28571
2014-01-07,8034,23109.85714
2014-01-08,6680,24636.71429
2014-01-09,7003,25802.42857
2014-01-10,7563,27241.28571
2014-01-11,6994,28435.85714
2014-01-12,44060,29224.57143
2014-01-13,81435,37083.71429
2014-01-14,18722,48167.14286
2014-01-15,14840,50906.14286
2014-01-16,17075,51946.28571
2014-01-17,15925,51915.85714
2014-01-18,12515,52394.14286
2014-01-19,99074,52283.71429
2014-01-20,159019,40020.85714
2014-01-21,37895,20920.28571
2014-01-22,22121,18652.85714
2014-01-23,16862,18744
2014-01-24,19273,20938.14286
2014-01-25,11742,23134.85714
2014-01-26,13234,25458.14286
2014-01-27,25315,41866.71429
2014-01-28,22023,92472
2014-01-29,22759,96100.71429
2014-01-30,32221,95544.85714
2014-01-31,34650,92489.42857
2014-02-01,28005,88823
2014-02-02,128094,85766
2014-02-03,379552,68261.14286
2014-02-04,47424,14686.42857
2014-02-05,18868,8492.714286
2014-02-06,10833,6336.571429
2014-02-07,8985,5274.571429
2014-02-08,6606,4387.142857
2014-02-09,5560,3778.142857
2014-02-10,4529,3307.857143
2014-02-11,4068,3022
2014-02-12,3775,2820.142857
2014-02-13,3399,2671.857143
2014-02-14,2773,2581.571429
2014-02-15,2343,2518.142857
2014-02-16,2268,2444
2014-02-17,2528,2393.571429
2014-02-18,2655,2382
2014-02-19,2737,2313.142857
2014-02-20,2767,2341.428571
2014-02-21,2329,2313.285714
2014-02-22,1824,2291.285714
2014-02-23,1915,2250.285714
2014-02-24,2447,2211.285714
2014-02-25,2173,2234.857143
2014-02-26,2935,2309.142857
2014-02-27,2570,2170.857143
2014-02-28,2175,2123.714286
2014-03-01,1537,2194.285714
2014-03-02,1642,2191.714286
2014-03-03,2612,2212.571429
2014-03-04,2693,2112
2014-03-05,1967,2033.428571
2014-03-06,2240,2173.285714
2014-03-07,2669,2281
2014-03-08,1519,2200.142857
2014-03-09,1788,2238
2014-03-10,1908,2228.142857
2014-03-11,2143,2239.714286
2014-03-12,2946,2221.857143
2014-03-13,2994,2072
2014-03-14,2103,1934.857143
2014-03-15,1784,1918.571429
2014-03-16,1719,1885.285714
2014-03-17,1989,1873.714286
2014-03-18,2018,2057
2014-03-19,1897,2163.285714
2014-03-20,2034,2204.857143
2014-03-21,1989,2574.857143
2014-03-22,1551,2633.285714
2014-03-23,1638,2625
2014-03-24,3272,2594.571429
2014-03-25,2762,2369.714286
2014-03-26,2188,2244
2014-03-27,4624,2212.714286
2014-03-28,2398,1840.142857
2014-03-29,1493,1746.857143
2014-03-30,1425,1716.857143
2014-03-31,1698,1768.428571
2014-04-01,1882,1771.285714
2014-04-02,1969,1753.142857
2014-04-03,2016,1714.142857
2014-04-04,1745,1690.142857
2014-04-05,1283,1677
2014-04-06,1786,1676.857143
2014-04-07,1718,1601.571429
2014-04-08,1755,1581.285714
2014-04-09,1696,1593.285714
2014-04-10,1848,1641.428571
2014-04-11,1653,1634.571429
2014-04-12,1282,1630.285714
2014-04-13,1259,1633.714286
2014-04-14,1576,1920.428571
2014-04-15,1839,1957.571429
2014-04-16,2033,2059.857143
2014-04-17,1800,2082.142857
2014-04-18,1623,2186
2014-04-19,1306,2262.571429
2014-04-20,3266,2276.857143
2014-04-21,1836,2044.571429
2014-04-22,2555,2096
2014-04-23,2189,2088.857143
2014-04-24,2527,2065
2014-04-25,2159,1965.857143
2014-04-26,1406,1965.428571
2014-04-27,1640,1963.857143
2014-04-28,2196,2031.285714
2014-04-29,2505,2207.142857
2014-04-30,2022,2468.857143
2014-05-01,1833,2566
2014-05-02,2156,2740.285714
2014-05-03,1395,3334
2014-05-04,2112,3596.857143
2014-05-05,3427,3612
2014-05-06,4337,3495.714286
2014-05-07,2702,3231.714286
2014-05-08,3053,3181
2014-05-09,6312,3050.142857
2014-05-10,3235,2443.857143
2014-05-11,2218,2204.285714
2014-05-12,2613,2169.857143
2014-05-13,2489,2185.857143
2014-05-14,2347,2198.571429
2014-05-15,2137,2162.428571
2014-05-16,2068,2113.285714
2014-05-17,1558,2082.285714
2014-05-18,1977,2022
2014-05-19,2725,1906.857143
2014-05-20,2578,1714.714286
2014-05-21,2094,1606.857143
2014-05-22,1793,1889.285714
2014-05-23,1851,2065
2014-05-24,1136,2058.142857
2014-05-25,1171,2255.714286
2014-05-26,1380,2270.714286
2014-05-27,1823,2309.857143
2014-05-28,4071,2343.857143
2014-05-29,3023,2014.428571
2014-05-30,1803,1864.714286
2014-05-31,2519,1807.571429
2014-06-01,1276,1621.428571
2014-06-02,1654,1613
2014-06-03,2061,1566.714286
2014-06-04,1765,1506.285714
2014-06-05,1975,1497.285714
2014-06-06,1403,1533.142857
2014-06-07,1216,1555.142857
2014-06-08,1217,1597.714286
2014-06-09,1330,1632.285714
2014-06-10,1638,1668.571429
2014-06-11,1702,1639.285714
2014-06-12,2226,1592.285714
2014-06-13,1557,1470
2014-06-14,1514,1470.285714
2014-06-15,1459,1406.857143
2014-06-16,1584,1362
2014-06-17,1433,1389.142857
2014-06-18,1373,1376.428571
2014-06-19,1370,1376.285714
2014-06-20,1559,1356
2014-06-21,1070,1302.857143
2014-06-22,1145,1289.714286
2014-06-23,1774,1264.285714
2014-06-24,1344,1333.714286
2014-06-25,1372,1399.142857
2014-06-26,1228,1399.142857
2014-06-27,1187,1429.428571
2014-06-28,978,1429.428571
2014-06-29,967,1425.142857
2014-06-30,2260,1433.142857
2014-07-01,1802,1293.428571
2014-07-02,1372,1250.571429
2014-07-03,1440,1251.142857
2014-07-04,1187,1347.571429
2014-07-05,948,1446.857143
2014-07-06,1023,1504.714286
2014-07-07,1282,1559.714286
2014-07-08,1502,1586.857143
2014-07-09,1376,1635.571429
2014-07-10,2115,1678
2014-07-11,1882,1908.428571
2014-07-12,1353,1896
2014-07-13,1408,1898.857143
2014-07-14,1472,1900.142857
2014-07-15,1843,1935.285714
2014-07-16,1673,1973.714286
2014-07-17,3728,2041.285714
2014-07-18,1795,1903.428571
2014-07-19,1373,1996
2014-07-20,1417,2047.142857
2014-07-21,1718,2069.857143
2014-07-22,2112,2351.428571
2014-07-23,2146,2589.142857
2014-07-24,2763,2676.285714
2014-07-25,2443,2611.571429
2014-07-26,1731,2541.857143
2014-07-27,1576,2570.714286
2014-07-28,3689,2648.142857
2014-07-29,3776,2679.428571
2014-07-30,2756,2489.714286
2014-07-31,2310,2388
2014-08-01,1955,2373.571429
2014-08-02,1933,2545.857143
2014-08-03,2118,2567.142857
2014-08-04,3908,2626.142857
2014-08-05,2448,2686.571429
2014-08-06,2044,3120.142857
2014-08-07,2209,3336.571429
2014-08-08,3161,3462.857143
2014-08-09,2082,3417.714286
2014-08-10,2531,3463.714286
2014-08-11,4331,3560.571429
2014-08-12,5483,3505.571429
2014-08-13,3559,3242
2014-08-14,3093,3159.571429
2014-08-15,2845,3098.142857
2014-08-16,2404,3053.571429
2014-08-17,3209,3127.428571
2014-08-18,3946,3384.142857
2014-08-19,3638,3428.571429
2014-08-20,2982,3306.857143
2014-08-21,2663,3242.571429
2014-08-22,2533,3590.857143
2014-08-23,2921,3666.285714
2014-08-24,5006,3663.428571
2014-08-25,4257,3567.571429
2014-08-26,2786,3508
2014-08-27,2532,3775.142857
2014-08-29,5101,4110.428571
2014-08-30,3061,4367.285714
2014-08-31,2901,4389.428571
2014-09-01,4335,4876.714286
2014-09-02,3840,10609.28571
2014-09-03,4656,13401.85714
2014-09-04,4879,13678
2014-09-05,6899,13851
2014-09-06,3216,14090
2014-09-07,6312,14423.42857
2014-09-08,44463,16549.28571
2014-09-09,23388,12548.57143
2014-09-10,6589,10616.28571
2014-09-11,6090,10462.14286
2014-09-12,8572,10628.14286
2014-09-13,5550,10580.14286
2014-09-14,21193,10307
2014-09-15,16458,8640.857143
2014-09-16,9862,8414.857143
2014-09-17,5510,7669.142857
2014-09-18,7252,7380.428571
2014-09-19,8236,6856.571429
2014-09-20,3638,6665.428571
2014-09-21,9530,6672.571429
2014-09-22,14876,5907.142857
2014-09-23,4642,4550.571429
2014-09-24,3489,4746.142857
2014-09-25,3585,4803.571429
2014-09-26,6898,4851.857143
2014-09-27,3688,4480.714286
2014-09-28,4172,4395
2014-09-29,5380,5258.142857
2014-09-30,6011,7527
2014-10-01,3891,7660.142857
2014-10-02,3923,7939
2014-10-03,4300,8014.285714
2014-10-04,3088,8160.857143
2014-10-05,10214,8154.428571
2014-10-06,21262,7984.285714
2014-10-07,6943,6741.285714
2014-10-08,5843,6452.428571
2014-10-09,4450,6200.285714
2014-10-10,5326,6154.285714
2014-10-11,3043,6079.142857
2014-10-12,9023,6165.142857
2014-10-13,12561,5734.142857
2014-10-14,4921,15194.57143
2014-10-15,4078,16616.85714
2014-10-16,4128,17059.57143
2014-10-17,4800,17385.85714
2014-10-18,3645,19425.85714
2014-10-19,6006,19562.57143
2014-10-20,78784,19655.57143
2014-10-21,14877,10096.42857
2014-10-22,7177,8882
2014-10-23,6412,8598.571429
2014-10-24,19080,8363.142857
2014-10-25,4602,6361.857143
2014-10-26,6657,6150.142857
2014-10-27,11870,6466
2014-10-28,6376,6593.285714
2014-10-29,5193,6910.428571
2014-10-30,4764,6720.571429
2014-10-31,5071,6554.714286
2014-11-01,3120,6348
2014-11-02,8868,6215.857143
2014-11-03,12761,5518.142857
2014-11-04,8596,4891.428571
2014-11-05,3864,4287.857143
2014-11-06,3603,4265.428571
2014-11-07,3624,4233.142857
2014-11-08,2195,4161.714286
2014-11-09,3984,4126
2014-11-10,8374,4191.285714
2014-11-11,4371,3862.428571
2014-11-12,3707,3785.428571
2014-11-13,3377,3678.428571
2014-11-14,3124,3624.142857
2014-11-15,1945,3639.571429
2014-11-16,4441,3627.428571
2014-11-17,6072,3514.428571
2014-11-18,3832,3894
2014-11-19,2958,3874.428571
2014-11-20,2997,3864.285714
2014-11-21,3232,3920.285714
2014-11-22,1860,3865.142857
2014-11-23,3650,3904.571429
2014-11-24,8729,3794.571429
2014-11-25,3695,3882
2014-11-26,2887,3921.571429
2014-11-27,3389,4074.428571
2014-11-28,2846,4165.714286
2014-11-29,2136,4386.857143
2014-11-30,2880,4400.285714
2014-12-01,9341,4464.714286
2014-12-02,3972,4027.857143
2014-12-03,3957,4090.285714
2014-12-04,4028,4005
2014-12-05,4394,3968.714286
2014-12-06,2230,3814.857143
2014-12-07,3331,3815.571429
2014-12-08,6283,3991.285714
2014-12-09,4409,4089.428571
2014-12-10,3360,4156.857143
2014-12-11,3774,4183.714286
2014-12-12,3317,4116.285714
2014-12-13,2235,4003
2014-12-14,4561,3948
2014-12-15,6970,3685.714286
2014-12-16,4881,3303.714286
2014-12-17,3548,3836.285714
2014-12-18,3302,3838.857143
2014-12-19,2524,3800
2014-12-20,1850,3911.571429
2014-12-21,2725,4001
2014-12-22,4296,4239.428571
2014-12-23,8609,4525.571429
2014-12-24,3566,3878
2014-12-25,3030,3763
2014-12-26,3305,3695.428571
2014-12-27,2476,3799.285714
2014-12-28,4394,4104.285714
2014-12-29,6299,4560.857143
2014-12-30,4076,4696.571429
2014-12-31,2761,4941.714286
2015-01-01,2557,5249.428571
2015-01-02,4032,5531.142857
2015-01-03,4611,5638
2015-01-04,7590,5558.285714
2015-01-05,7249,7283.285714
2015-01-06,5792,12552.57143
2015-01-07,4915,14200.85714
2015-01-08,4529,14791
2015-01-09,4780,15091.28571
2015-01-10,4053,15340.28571
2015-01-11,19665,15415.85714
2015-01-12,44134,13632
2015-01-13,17330,9800.857143
2015-01-14,9046,8428.571429
2015-01-15,6631,7961.142857
2015-01-16,6523,7778.142857
2015-01-17,4582,7479.428571
2015-01-18,7178,7219.428571
2015-01-19,17316,6657.857143
2015-01-20,7724,4793.857143
2015-01-21,5774,4267.285714
2015-01-22,5350,4004.714286
2015-01-23,4432,3853
2015-01-24,2762,3994.428571
2015-01-25,3247,4061.714286
2015-01-26,4268,4796
2015-01-27,4038,8363.142857
2015-01-28,3936,9307.571429
2015-01-29,4288,9615
2015-01-30,5422,9540.285714
2015-01-31,3233,9145
2015-02-01,8387,9036.285714
2015-02-02,29238,8235.714286
2015-02-03,10649,4703.428571
2015-02-04,6088,3680.142857
2015-02-06,3765,3179.571429
2015-02-07,2655,3030.857143
2015-02-08,2472,3003.428571
2015-02-09,2783,2910.571429
2015-02-10,4512,3035.142857
2015-02-11,3486,2746.857143
2015-02-12,2584,2598.857143
2015-02-13,2724,2565
2015-02-14,2463,2492.428571
2015-02-15,1822,2593.285714
2015-02-16,3655,2555.428571
2015-02-17,2494,2287.428571
2015-02-18,2450,2200.142857
2015-02-19,2347,2164.571429
2015-02-20,2216,2088.571429
2015-02-21,3169,2005.285714
2015-02-22,1557,1716
2015-02-23,1779,1658.714286
2015-02-24,1883,1629.714286
2015-02-25,2201,1652.857143
2015-02-26,1815,1685.428571
2015-02-27,1633,2078.714286
2015-02-28,1144,2237.285714
2015-03-01,1156,2272.285714
2015-03-02,1576,2299.714286
2015-03-03,2045,2347.857143
2015-03-04,2429,2336.285714
2015-03-05,4568,2299.428571
2015-03-06,2743,1934.285714
2015-03-07,1389,1859
2015-03-08,1348,1842.857143
2015-03-09,1913,1813.428571
2015-03-10,1964,1760
2015-03-11,2171,1733.714286
2015-03-12,2012,1646.285714
2015-03-13,2216,1598.142857
2015-03-14,1276,1491.285714
2015-03-15,1142,1439.428571
2015-03-16,1539,1419.571429
2015-03-17,1780,1415.714286
2015-03-18,1559,1583.714286
2015-03-19,1675,1680.571429
2015-03-20,1468,1649.142857
2015-03-21,913,1652.142857
2015-03-22,1003,1664.285714
2015-03-23,1512,1896.142857
2015-03-24,2956,1850.857143
2015-03-25,2237,1634
2015-03-26,1455,1508.428571
2015-03-27,1489,1485.571429
2015-03-28,998,1466.714286
2015-03-29,2626,1456.285714
2015-03-30,1195,1209.571429
2015-03-31,1438,1222.285714
2015-04-01,1358,1180.857143
2015-04-02,1295,1158.571429
2015-04-03,1357,1171.571429
2015-04-04,925,1185
2015-04-05,899,1168.571429
2015-04-06,1284,1201.285714
2015-04-07,1148,1204.428571
2015-04-08,1202,1236.285714
2015-04-09,1386,1284
2015-04-10,1451,1311
2015-04-11,810,1307.571429
2015-04-12,1128,1321.571429
2015-04-13,1306,1375.857143
2015-04-14,1371,1486.428571
2015-04-15,1536,1525.571429
2015-04-16,1575,1583.857143
2015-04-17,1427,1613.428571
2015-04-18,908,1628.142857
2015-04-19,1508,1690.857143
2015-04-20,2080,1647
2015-04-21,1645,1567
2015-04-22,1944,1555.571429
2015-04-23,1782,1526.857143
2015-04-24,1530,1548.571429
2015-04-25,1347,1661.571429
2015-04-26,1201,1650.142857
2015-04-27,1520,1620.285714
2015-04-28,1565,1621.285714
2015-04-29,1743,1593.142857
2015-04-30,1934,1671.714286
2015-05-01,2321,1620.714286
2015-05-02,1267,1498.714286
2015-05-03,992,1480.571429
2015-05-04,1527,1485.285714
2015-05-05,1368,1479.857143
2015-05-06,2293,1595.571429
2015-05-07,1577,1521
2015-05-08,1467,1500.857143
2015-05-09,1140,1504.714286
2015-05-10,1025,1462.714286
2015-05-11,1489,1445.285714
2015-05-12,2178,1413.285714
2015-05-13,1771,1291
2015-05-14,1436,1218.285714
2015-05-15,1494,1925.142857
2015-05-16,846,2274.857143
2015-05-17,903,2396.571429
2015-05-18,1265,2451.428571
2015-05-19,1322,2434
2015-05-20,1262,2431.714286
2015-05-21,6384,2488.142857
2015-05-22,3942,1778.571429
2015-05-23,1698,1423.714286
2015-05-24,1287,1300.285714
2015-05-25,1143,1262.857143
2015-05-26,1306,1268.285714
2015-05-27,1657,1273.571429
2015-05-28,1417,1221.571429
2015-05-29,1458,1186.714286
2015-05-30,834,1121.142857
2015-05-31,1025,1115.428571
2015-06-01,1181,1065.714286
2015-06-02,1343,1060.571429
2015-06-03,1293,1032.285714
2015-06-04,1173,991.8571429
2015-06-05,999,990.2857143
2015-06-06,794,983.1428571
2015-06-07,677,979.4285714
2015-06-08,1145,980.1428571
2015-06-09,1145,957
2015-06-10,1010,939
2015-06-11,1162,952.1428571
2015-06-12,949,924.1428571
2015-06-13,768,929
2015-06-14,682,909
2015-06-15,983,944.4285714
2015-06-16,1019,1009.714286
2015-06-17,1102,1033.428571
2015-06-18,966,1097
2015-06-19,983,1168.714286
2015-06-20,628,1233.857143
2015-06-21,930,1391
2015-06-22,1440,1373.285714
2015-06-23,1185,1318.571429
2015-06-24,1547,1308.571429
2015-06-25,1468,1214.714286
2015-06-26,1439,1135.857143
2015-06-27,1728,1037.285714
2015-06-28,806,883
2015-06-29,1057,862.8571429
2015-06-30,1115,848
2015-07-01,890,827.8571429
2015-07-02,916,857
2015-07-03,749,908.5714286
2015-07-04,648,992.2857143
2015-07-05,665,1016.714286
2015-07-06,953,1075.714286
2015-07-07,974,1117.714286
2015-07-08,1094,1149.857143
2015-07-09,1277,1184.714286
2015-07-10,1335,1468.571429
2015-07-11,819,1510.142857
2015-07-12,1078,1557.857143
2015-07-13,1247,1594.285714
2015-07-14,1199,1659.714286
2015-07-15,1338,1726.285714
2015-07-16,3264,1786.857143
2015-07-17,1626,1552.571429
2015-07-18,1153,1508.857143
2015-07-19,1333,1481
2015-07-20,1705,1423.285714
2015-07-21,1665,1388.571429
2015-07-22,1762,1346.714286
2015-07-23,1624,1295
2015-07-24,1320,1275.857143
2015-07-25,958,1302.428571
2015-07-26,929,1315.857143
2015-07-27,1462,1314.714286
2015-07-28,1372,1293.714286
2015-07-29,1400,1304.285714
2015-07-30,1490,1309.714286
2015-07-31,1506,1454.142857
2015-08-01,1052,1477.285714
2015-08-02,921,1484.857143
2015-08-03,1315,1521.857143
2015-08-04,1446,1538.285714
2015-08-05,1438,1617.857143
2015-08-06,2501,1686
2015-08-07,1668,1609.142857
2015-08-08,1105,1580.142857
2015-08-09,1180,1640.285714
2015-08-10,1430,1667.142857
2015-08-11,2003,1704
2015-08-12,1915,1749.571429
2015-08-13,1963,1770.142857
2015-08-14,1465,1815
2015-08-15,1526,1962.857143
2015-08-16,1368,1941.285714
2015-08-17,1688,1998.285714
2015-08-18,2322,2128.571429
2015-08-19,2059,2201.571429
2015-08-20,2277,2245.714286
2015-08-21,2500,2200.142857
2015-08-22,1375,2114.285714
2015-08-23,1767,2127.571429
2015-08-24,2600,2220.285714
2015-08-25,2833,2151
2015-08-26,2368,2013.714286
2015-08-27,1958,1980.142857
2015-08-28,1899,2155.571429
2015-08-29,1468,2378.714286
2015-08-30,2416,2492.571429
2015-08-31,2115,2468.428571
2015-09-01,1872,2474.857143
2015-09-02,2133,2590.857143
2015-09-03,3186,2747.428571
2015-09-04,3461,2809
2015-09-05,2265,3142.714286
2015-09-06,2247,3183.714286
2015-09-07,2160,3790.857143
2015-09-08,2684,4709.857143
2015-09-09,3229,4975.714286
2015-09-10,3617,4972.142857
2015-09-11,5797,5093.714286
2015-09-12,2552,6648.142857
2015-09-13,6497,6760.857143
2015-09-14,8593,6487.857143
2015-09-15,4545,5997.571429
2015-09-16,3204,5936.428571
2015-09-17,4468,5908.142857
2015-09-18,16678,5750
2015-09-19,3341,4130
2015-09-20,4586,3941
2015-09-21,5161,3928.857143
2015-09-22,4117,5180
2015-09-23,3006,5337
2015-09-24,3361,5399.571429
2015-09-25,5338,5341.571429
2015-09-26,2018,4958.714286
2015-09-27,4501,4918.571429
2015-09-28,13919,4895.285714
2015-09-29,5216,3787.714286
2015-09-30,3444,3501.714286
2015-10-01,2955,3358.571429
2015-10-02,2658,3268
2015-10-03,1737,3281.285714
2015-10-04,4338,3256.857143
2015-10-05,6166,3143.428571
2015-10-06,3214,2815.428571
2015-10-07,2442,2721.571429
2015-10-08,2321,2701.142857
2015-10-09,2751,2729
2015-10-10,1566,2560.857143
2015-10-11,3544,2911.285714
2015-10-13,3870,3299.142857
2015-10-14,2557,3379.714286
2015-10-15,2299,3355.571429
2015-10-16,2516,3425.714286
2015-10-17,1574,3436.571429
2015-10-18,4019,3613.714286
2015-10-19,6259,3558.714286
2015-10-20,4434,3318.571429
2015-10-21,2388,3135.857143
2015-10-22,2790,3147.285714
2015-10-23,2592,3092.714286
2015-10-24,2814,3197.142857
2015-10-25,3634,3086.714286
2015-10-26,4578,3034.857143
2015-10-27,3155,4094.428571
2015-10-28,2468,4313.714286
2015-10-29,2408,4429.142857
2015-10-30,3323,4507.285714
2015-10-31,2041,4623.857143
2015-11-01,3271,4629.714286
2015-11-02,11995,4855
2015-11-03,4690,4504.714286
2015-11-04,3276,4348.857143
2015-11-05,2955,4238.857143
2015-11-06,4139,4226.142857
2015-11-07,2082,3941.714286
2015-11-08,4848,3828.714286
2015-11-09,9543,3522.285714
2015-11-10,3599,4341.857143
2015-11-11,2506,4822.285714
2015-11-12,2866,5089
2015-11-13,2148,5181.571429
2015-11-14,1291,5323.714286
2015-11-15,2703,5413.857143
2015-11-16,15280,5578
2015-11-17,6962,4229.714286
2015-11-18,4373,3813.714286
2015-11-19,3514,3640.714286
2015-11-20,3143,3513.571429
2015-11-21,1922,3582.285714
2015-11-22,3852,3590.714286
2015-11-23,5842,3475.571429
2015-11-24,4050,29645.57143
2015-11-25,3162,43498
2015-11-26,2624,43914
2015-11-27,3624,43989.57143
2015-11-28,1981,43933.85714
2015-11-29,3046,43898.71429
2015-11-30,189032,43895.42857
2015-12-01,101017,17590.71429
2015-12-02,6074,3577.571429
2015-12-03,3153,3050.857143
2015-12-04,3234,3152.857143
2015-12-05,1735,3063.428571
2015-12-06,3023,3029.285714
2015-12-07,4899,2918.714286
2015-12-08,2925,2805
2015-12-09,2387,2926.714286
2015-12-10,3867,2937
2015-12-11,2608,2667.714286
2015-12-12,1496,2561
2015-12-13,2249,2533.285714
2015-12-14,4103,2594
2015-12-15,3777,2618.285714
2015-12-16,2459,2554.285714
2015-12-17,1982,2543.142857
2015-12-18,1861,2481.714286
2015-12-19,1302,2427.714286
2015-12-20,2674,2418.428571
2015-12-21,4273,3061.857143
2015-12-22,3329,3938.714286
2015-12-23,2381,4946.428571
2015-12-24,1552,5236.142857
2015-12-25,1483,5442.285714
2015-12-26,1237,5512.857143
2015-12-27,7178,5693.714286
2015-12-28,10411,5214.714286
2015-12-29,10383,5282.428571
2015-12-30,4409,4550.857143
2015-12-31,2995,4526.857143
2016-01-01,1977,4671.428571
2016-01-02,2503,4958.285714
2016-01-03,3825,4944.428571
2016-01-04,10885,4962.428571
2016-01-05,5262,4089.285714
2016-01-06,4241,3825
2016-01-07,4007,3674.571429
2016-01-08,3985,3538.142857
2016-01-09,2406,3404.142857
2016-01-10,3951,3415.142857
2016-01-11,4773,4373
2016-01-12,3412,8084.571429
2016-01-13,3188,8910
2016-01-14,3052,9493
2016-01-15,3047,10566.5
2016-01-16,2483,12070.4
2016-01-17,10656,14467.25
2016-01-18,30754,15737.66667
2016-01-19,9190,8229.5
2016-01-20,7269,7269
